Date Time; Water Level
1.07.1994 00:00;0,086
1.07.1994 01:00;0,067
1.07.1994 02:00;0,15
1.07.1994 03:00;0,363
1.07.1994 04:00;0,47
1.07.1994 05:00;0,619
1.07.1994 06:00;0,71
1.07.1994 07:00;0,579
1.07.1994 08:00;0,448
1.07.1994 09:00;0,335
1.07.1994 10:00;0,153
1.07.1994 11:00;-0,003
1.07.1994 12:00;-0,067
1.07.1994 13:00;0,006
1.07.1994 14:00;0,095
1.07.1994 15:00;0,305
1.07.1994 16:00;0,5
1.07.1994 17:00;0,729
1.07.1994 18:00;0,838
1.07.1994 19:00;0,86
1.07.1994 20:00;0,787
1.07.1994 21:00;0,643
1.07.1994 22:00;0,5
1.07.1994 23:00;0,299
2.07.1994 00:00;0,146
2.07.1994 01:00;0,119
2.07.1994 02:00;0,128
2.07.1994 03:00;0,253
2.07.1994 04:00;0,372
2.07.1994 05:00;0,555
2.07.1994 06:00;0,643
2.07.1994 07:00;0,646
2.07.1994 08:00;0,619
2.07.1994 09:00;0,494
2.07.1994 10:00;0,329
2.07.1994 11:00;0,153
2.07.1994 12:00;0,043
2.07.1994 13:00;0,003
2.07.1994 14:00;0,067
2.07.1994 15:00;0,171
2.07.1994 16:00;0,363
2.07.1994 17:00;0,585
2.07.1994 18:00;0,78
2.07.1994 19:00;0,866
2.07.1994 20:00;0,848
2.07.1994 21:00;0,777
2.07.1994 22:00;0,652
2.07.1994 23:00;0,436
3.07.1994 00:00;0,262
3.07.1994 01:00;0,134
3.07.1994 02:00;0,089
3.07.1994 03:00;0,119
3.07.1994 04:00;0,183
3.07.1994 05:00;0,351
3.07.1994 06:00;0,491
3.07.1994 07:00;0,591
3.07.1994 08:00;0,613
3.07.1994 09:00;0,558
3.07.1994 10:00;0,451
3.07.1994 11:00;0,296
3.07.1994 12:00;0,113
3.07.1994 13:00;0,022
3.07.1994 14:00;0
3.07.1994 15:00;0,061
3.07.1994 16:00;0,195
3.07.1994 17:00;0,396
3.07.1994 18:00;0,613
3.07.1994 19:00;0,72
3.07.1994 20:00;0,817
3.07.1994 21:00;0,814
3.07.1994 22:00;0,707
3.07.1994 23:00;0,558
4.07.1994 00:00;0,369
4.07.1994 01:00;0,189
4.07.1994 02:00;0,055
4.07.1994 03:00;0,07
4.07.1994 04:00;0,092
4.07.1994 05:00;0,281
4.07.1994 06:00;0,36
4.07.1994 07:00;0,476
4.07.1994 08:00;0,604
4.07.1994 09:00;0,698
4.07.1994 10:00;0,625
4.07.1994 11:00;0,47
4.07.1994 12:00;0,32
4.07.1994 13:00;0,168
4.07.1994 14:00;0,092
4.07.1994 15:00;0,067
4.07.1994 16:00;0,162
4.07.1994 17:00;0,329
4.07.1994 18:00;0,488
4.07.1994 19:00;0,713
4.07.1994 20:00;0,887
4.07.1994 21:00;0,939
4.07.1994 22:00;0,912
4.07.1994 23:00;0,802
5.07.1994 00:00;0,631
5.07.1994 01:00;0,415
5.07.1994 02:00;0,22
5.07.1994 03:00;0,125
5.07.1994 04:00;0,101
5.07.1994 05:00;0,186
5.07.1994 06:00;0,342
5.07.1994 07:00;0,488
5.07.1994 08:00;0,634
5.07.1994 09:00;0,72
5.07.1994 10:00;0,744
5.07.1994 11:00;0,668
5.07.1994 12:00;0,552
5.07.1994 13:00;0,381
5.07.1994 14:00;0,223
5.07.1994 15:00;0,101
5.07.1994 16:00;0,14
5.07.1994 17:00;0,217
5.07.1994 18:00;0,375
5.07.1994 19:00;0,613
5.07.1994 20:00;0,823
5.07.1994 21:00;0,948
5.07.1994 22:00;1,015
5.07.1994 23:00;0,948
6.07.1994 00:00;0,814
6.07.1994 01:00;0,622
6.07.1994 02:00;0,366
6.07.1994 03:00;0,177
6.07.1994 04:00;0,082
6.07.1994 05:00;0,098
6.07.1994 06:00;0,195
6.07.1994 07:00;0,335
6.07.1994 08:00;0,485
6.07.1994 09:00;0,668
6.07.1994 10:00;0,756
6.07.1994 11:00;0,732
6.07.1994 12:00;0,643
6.07.1994 13:00;0,485
6.07.1994 14:00;0,293
6.07.1994 15:00;0,122
6.07.1994 16:00;0,028
6.07.1994 17:00;0,073
6.07.1994 18:00;0,21
6.07.1994 19:00;0,415
6.07.1994 20:00;0,665
6.07.1994 21:00;0,887
6.07.1994 22:00;1,021
6.07.1994 23:00;0,988
7.07.1994 00:00;0,902
7.07.1994 01:00;0,695
7.07.1994 02:00;0,482
7.07.1994 03:00;0,223
7.07.1994 04:00;0,049
7.07.1994 05:00;-0,067
7.07.1994 06:00;-0,009
7.07.1994 07:00;0,095
7.07.1994 08:00;0,29
7.07.1994 09:00;0,488
7.07.1994 10:00;0,646
7.07.1994 11:00;0,668
7.07.1994 12:00;0,659
7.07.1994 13:00;0,515
7.07.1994 14:00;0,339
7.07.1994 15:00;0,125
7.07.1994 16:00;-0,027
7.07.1994 17:00;-0,073
7.07.1994 18:00;0,012
7.07.1994 19:00;0,189
7.07.1994 20:00;0,399
7.07.1994 21:00;0,662
7.07.1994 22:00;0,893
7.07.1994 23:00;0,966
8.07.1994 00:00;0,933
8.07.1994 01:00;0,826
8.07.1994 02:00;0,61
8.07.1994 03:00;0,339
8.07.1994 04:00;0,07
8.07.1994 05:00;-0,097
8.07.1994 06:00;-0,119
8.07.1994 07:00;-0,079
8.07.1994 08:00;0,079
8.07.1994 09:00;0,299
8.07.1994 10:00;0,512
8.07.1994 11:00;0,662
8.07.1994 12:00;0,698
8.07.1994 13:00;0,643
8.07.1994 14:00;0,479
8.07.1994 15:00;0,265
8.07.1994 16:00;0,061
8.07.1994 17:00;-0,076
8.07.1994 18:00;-0,106
8.07.1994 19:00;0,022
8.07.1994 20:00;0,226
8.07.1994 21:00;0,47
8.07.1994 22:00;0,753
8.07.1994 23:00;0,951
9.07.1994 00:00;0,991
9.07.1994 01:00;0,915
9.07.1994 02:00;0,753
9.07.1994 03:00;0,543
9.07.1994 04:00;0,238
9.07.1994 05:00;-0,003
9.07.1994 06:00;-0,167
9.07.1994 07:00;-0,14
9.07.1994 08:00;-0,033
9.07.1994 09:00;0,159
9.07.1994 10:00;0,409
9.07.1994 11:00;0,628
9.07.1994 12:00;0,759
9.07.1994 13:00;0,735
9.07.1994 14:00;0,631
9.07.1994 15:00;0,457
9.07.1994 16:00;0,235
9.07.1994 17:00;-0,021
9.07.1994 18:00;-0,131
9.07.1994 19:00;-0,097
9.07.1994 20:00;0,076
9.07.1994 21:00;0,293
9.07.1994 22:00;0,558
9.07.1994 23:00;0,851
10.07.1994 00:00;0,991
10.07.1994 01:00;1,015
10.07.1994 02:00;0,902
10.07.1994 03:00;0,726
10.07.1994 04:00;0,482
10.07.1994 05:00;0,177
10.07.1994 06:00;-0,055
10.07.1994 07:00;-0,128
10.07.1994 08:00;0,015
10.07.1994 09:00;0,113
10.07.1994 10:00;0,326
10.07.1994 11:00;0,601
10.07.1994 12:00;0,838
10.07.1994 13:00;0,908
10.07.1994 14:00;0,854
10.07.1994 15:00;0,698
10.07.1994 16:00;0,497
10.07.1994 17:00;0,226
10.07.1994 18:00;0,003
10.07.1994 19:00;-0,088
10.07.1994 20:00;-0,003
10.07.1994 21:00;0,204
10.07.1994 22:00;0,433
10.07.1994 23:00;0,726
11.07.1994 00:00;1,003
11.07.1994 01:00;0,972
11.07.1994 02:00;1,088
11.07.1994 03:00;0,982
11.07.1994 04:00;0,741
11.07.1994 05:00;0,372
11.07.1994 06:00;0,153
11.07.1994 07:00;-0,058
11.07.1994 08:00;-0,128
11.07.1994 09:00;0,043
11.07.1994 10:00;0,217
11.07.1994 11:00;0,479
11.07.1994 12:00;0,744
11.07.1994 13:00;0,927
11.07.1994 14:00;1
11.07.1994 15:00;0,921
11.07.1994 16:00;0,768
11.07.1994 17:00;0,524
11.07.1994 18:00;0,244
11.07.1994 19:00;0,098
11.07.1994 20:00;0,07
11.07.1994 21:00;0,137
11.07.1994 22:00;0,326
11.07.1994 23:00;0,595
12.07.1994 00:00;0,835
12.07.1994 01:00;1,07
12.07.1994 02:00;1,146
12.07.1994 03:00;1,079
12.07.1994 04:00;0,915
12.07.1994 05:00;0,646
12.07.1994 06:00;0,354
12.07.1994 07:00;0,122
12.07.1994 08:00;-0,046
12.07.1994 09:00;-0,036
12.07.1994 10:00;0,092
12.07.1994 11:00;0,308
12.07.1994 12:00;0,588
12.07.1994 13:00;0,82
12.07.1994 14:00;1
12.07.1994 15:00;0,985
12.07.1994 16:00;0,884
12.07.1994 17:00;0,68
12.07.1994 18:00;0,436
12.07.1994 19:00;0,192
12.07.1994 20:00;0
12.07.1994 21:00;-0,009
12.07.1994 22:00;0,101
12.07.1994 23:00;0,287
13.07.1994 00:00;0,54
13.07.1994 01:00;0,814
13.07.1994 02:00;0,972
13.07.1994 03:00;0,991
13.07.1994 04:00;0,915
13.07.1994 05:00;0,726
13.07.1994 06:00;0,491
13.07.1994 07:00;0,201
13.07.1994 08:00;-0,042
13.07.1994 09:00;-0,137
13.07.1994 10:00;-0,082
13.07.1994 11:00;0,055
13.07.1994 12:00;0,281
13.07.1994 13:00;0,576
13.07.1994 14:00;0,835
13.07.1994 15:00;0,939
13.07.1994 16:00;0,948
13.07.1994 17:00;0,841
13.07.1994 18:00;0,631
13.07.1994 19:00;0,372
13.07.1994 20:00;0,156
13.07.1994 21:00;-0,009
13.07.1994 22:00;0,022
13.07.1994 23:00;0,098
14.07.1994 00:00;0,281
14.07.1994 01:00;0,546
14.07.1994 02:00;0,796
14.07.1994 03:00;0,93
14.07.1994 04:00;0,921
14.07.1994 05:00;0,805
14.07.1994 06:00;0,637
14.07.1994 07:00;0,36
14.07.1994 08:00;0,076
14.07.1994 09:00;-0,094
14.07.1994 10:00;-0,149
14.07.1994 11:00;-0,11
14.07.1994 12:00;0,043
14.07.1994 13:00;0,317
14.07.1994 14:00;0,64
14.07.1994 15:00;0,844
14.07.1994 16:00;0,954
14.07.1994 17:00;0,957
14.07.1994 18:00;0,817
14.07.1994 19:00;0,625
14.07.1994 20:00;0,345
14.07.1994 21:00;0,134
14.07.1994 22:00;0,009
14.07.1994 23:00;-0,03
15.07.1994 00:00;0,076
15.07.1994 01:00;0,241
15.07.1994 02:00;0,497
15.07.1994 03:00;0,744
15.07.1994 04:00;0,823
15.07.1994 05:00;0,817
15.07.1994 06:00;0,732
15.07.1994 07:00;0,531
15.07.1994 08:00;0,296
15.07.1994 09:00;0,043
15.07.1994 10:00;-0,097
15.07.1994 11:00;-0,116
15.07.1994 12:00;-0,046
15.07.1994 13:00;0,165
15.07.1994 14:00;0,424
15.07.1994 15:00;0,744
15.07.1994 16:00;0,979
15.07.1994 17:00;1,052
15.07.1994 18:00;1,018
15.07.1994 19:00;0,915
15.07.1994 20:00;0,716
15.07.1994 21:00;0,473
15.07.1994 22:00;0,223
15.07.1994 23:00;0,095
16.07.1994 00:00;0,073
16.07.1994 01:00;0,137
16.07.1994 02:00;0,372
16.07.1994 03:00;0,54
16.07.1994 04:00;0,765
16.07.1994 05:00;0,905
16.07.1994 06:00;0,908
16.07.1994 07:00;0,756
16.07.1994 08:00;0,595
16.07.1994 09:00;0,39
16.07.1994 10:00;0,153
16.07.1994 11:00;-0,027
16.07.1994 12:00;-0,027
16.07.1994 13:00;0,037
16.07.1994 14:00;0,244
16.07.1994 15:00;0,503
16.07.1994 16:00;0,817
16.07.1994 17:00;1,012
16.07.1994 18:00;1,073
16.07.1994 19:00;1,061
16.07.1994 20:00;0,96
16.07.1994 21:00;0,744
16.07.1994 22:00;0,47
16.07.1994 23:00;0,22
17.07.1994 00:00;0,07
17.07.1994 01:00;0,07
17.07.1994 02:00;0,143
17.07.1994 03:00;0,299
17.07.1994 04:00;0,515
17.07.1994 05:00;0,741
17.07.1994 06:00;0,86
17.07.1994 07:00;0,835
17.07.1994 08:00;0,744
17.07.1994 09:00;0,588
17.07.1994 10:00;0,387
17.07.1994 11:00;0,134
17.07.1994 12:00;0,012
17.07.1994 13:00;-0,03
17.07.1994 14:00;0,082
17.07.1994 15:00;0,25
17.07.1994 16:00;0,524
17.07.1994 17:00;0,835
17.07.1994 18:00;1,037
17.07.1994 19:00;1,113
17.07.1994 20:00;1,097
17.07.1994 21:00;1
17.07.1994 22:00;0,768
17.07.1994 23:00;0,485
18.07.1994 00:00;0,244
18.07.1994 01:00;0,064
18.07.1994 02:00;0,003
18.07.1994 03:00;0,104
18.07.1994 04:00;0,275
18.07.1994 05:00;0,527
18.07.1994 06:00;0,747
18.07.1994 07:00;0,823
18.07.1994 08:00;0,835
18.07.1994 09:00;0,777
18.07.1994 10:00;0,604
18.07.1994 11:00;0,381
18.07.1994 12:00;0,137
18.07.1994 13:00;-0,042
18.07.1994 14:00;-0,064
18.07.1994 15:00;0,009
18.07.1994 16:00;0,177
18.07.1994 17:00;0,503
18.07.1994 18:00;0,823
18.07.1994 19:00;1,027
18.07.1994 20:00;1,085
18.07.1994 21:00;1,101
18.07.1994 22:00;0,988
18.07.1994 23:00;0,735
19.07.1994 00:00;0,46
19.07.1994 01:00;0,223
19.07.1994 02:00;0,009
19.07.1994 03:00;-0,015
19.07.1994 04:00;0,067
19.07.1994 05:00;0,214
19.07.1994 06:00;0,482
19.07.1994 07:00;0,707
19.07.1994 08:00;0,841
19.07.1994 09:00;0,863
19.07.1994 10:00;0,784
19.07.1994 11:00;0,616
19.07.1994 12:00;0,424
19.07.1994 13:00;0,153
19.07.1994 14:00;0
19.07.1994 15:00;-0,067
19.07.1994 16:00;0,025
19.07.1994 17:00;0,229
19.07.1994 18:00;0,503
19.07.1994 19:00;0,823
19.07.1994 20:00;1,073
19.07.1994 21:00;1,165
19.07.1994 22:00;1,14
19.07.1994 23:00;1,043
20.07.1994 00:00;0,75
20.07.1994 01:00;0,387
20.07.1994 02:00;0,137
20.07.1994 03:00;-0,049
20.07.1994 04:00;-0,128
20.07.1994 05:00;-0,042
20.07.1994 06:00;0,153
20.07.1994 07:00;0,393
20.07.1994 08:00;0,601
20.07.1994 09:00;0,777
20.07.1994 10:00;0,814
20.07.1994 11:00;0,762
20.07.1994 12:00;0,595
20.07.1994 13:00;0,348
20.07.1994 14:00;0,098
20.07.1994 15:00;-0,085
20.07.1994 16:00;-0,125
20.07.1994 17:00;-0,046
20.07.1994 18:00;0,15
20.07.1994 19:00;0,433
20.07.1994 20:00;0,768
20.07.1994 21:00;1,058
20.07.1994 22:00;1,11
20.07.1994 23:00;1,119
21.07.1994 00:00;0,969
21.07.1994 01:00;0,704
21.07.1994 02:00;0,342
21.07.1994 03:00;0,055
21.07.1994 04:00;-0,164
21.07.1994 05:00;-0,213
21.07.1994 06:00;-0,088
21.07.1994 07:00;0,101
21.07.1994 08:00;0,378
21.07.1994 09:00;0,656
21.07.1994 10:00;0,808
21.07.1994 11:00;0,844
21.07.1994 12:00;0,768
21.07.1994 13:00;0,573
21.07.1994 14:00;0,299
21.07.1994 15:00;0,018
21.07.1994 16:00;-0,174
21.07.1994 17:00;-0,235
21.07.1994 18:00;-0,134
21.07.1994 19:00;0,07
21.07.1994 20:00;0,375
21.07.1994 21:00;0,72
21.07.1994 22:00;0,985
21.07.1994 23:00;1,055
22.07.1994 00:00;1,03
22.07.1994 01:00;0,854
22.07.1994 02:00;0,561
22.07.1994 03:00;0,186
22.07.1994 04:00;-0,137
22.07.1994 05:00;-0,295
22.07.1994 06:00;-0,32
22.07.1994 07:00;-0,244
22.07.1994 08:00;-0,012
22.07.1994 09:00;0,311
22.07.1994 10:00;0,591
22.07.1994 11:00;0,756
22.07.1994 12:00;0,777
22.07.1994 13:00;0,68
22.07.1994 14:00;0,482
22.07.1994 15:00;0,186
22.07.1994 16:00;-0,125
22.07.1994 17:00;-0,292
22.07.1994 18:00;-0,356
22.07.1994 19:00;-0,235
22.07.1994 20:00;-0,012
22.07.1994 21:00;0,369
22.07.1994 22:00;0,704
22.07.1994 23:00;0,908
23.07.1994 00:00;0,988
23.07.1994 01:00;0,915
23.07.1994 02:00;0,744
23.07.1994 03:00;0,412
23.07.1994 04:00;0,07
23.07.1994 05:00;-0,235
23.07.1994 06:00;-0,405
23.07.1994 07:00;-0,396
23.07.1994 08:00;-0,253
23.07.1994 09:00;0,012
23.07.1994 10:00;0,32
23.07.1994 11:00;0,604
23.07.1994 12:00;0,756
23.07.1994 13:00;0,75
23.07.1994 14:00;0,646
23.07.1994 15:00;0,403
23.07.1994 16:00;0,101
23.07.1994 17:00;-0,171
23.07.1994 18:00;-0,359
23.07.1994 19:00;-0,463
23.07.1994 20:00;-0,256
23.07.1994 21:00;0,095
23.07.1994 22:00;0,418
23.07.1994 23:00;0,738
24.07.1994 00:00;0,902
24.07.1994 01:00;0,936
24.07.1994 02:00;0,887
24.07.1994 03:00;0,72
24.07.1994 04:00;0,369
24.07.1994 05:00;-0,009
24.07.1994 06:00;-0,28
24.07.1994 07:00;-0,335
24.07.1994 08:00;-0,299
24.07.1994 09:00;-0,225
24.07.1994 10:00;0,122
24.07.1994 11:00;0,512
24.07.1994 12:00;0,71
24.07.1994 13:00;0,814
24.07.1994 14:00;0,814
24.07.1994 15:00;0,686
24.07.1994 16:00;0,421
24.07.1994 17:00;0,122
24.07.1994 18:00;-0,137
24.07.1994 19:00;-0,235
24.07.1994 20:00;-0,155
24.07.1994 21:00;-0,03
24.07.1994 22:00;0,226
24.07.1994 23:00;0,555
25.07.1994 00:00;0,872
25.07.1994 01:00;0,972
25.07.1994 02:00;0,976
25.07.1994 03:00;0,89
25.07.1994 04:00;0,662
25.07.1994 05:00;0,354
25.07.1994 06:00;0,046
25.07.1994 07:00;-0,189
25.07.1994 08:00;-0,192
25.07.1994 09:00;-0,116
25.07.1994 10:00;0,086
25.07.1994 11:00;0,339
25.07.1994 12:00;0,652
25.07.1994 13:00;0,854
25.07.1994 14:00;0,924
25.07.1994 15:00;0,878
25.07.1994 16:00;0,72
25.07.1994 17:00;0,524
25.07.1994 18:00;0,214
25.07.1994 19:00;-0,012
25.07.1994 20:00;-0,097
25.07.1994 21:00;-0,006
25.07.1994 22:00;0,165
25.07.1994 23:00;0,46
26.07.1994 00:00;0,668
26.07.1994 01:00;0,918
26.07.1994 02:00;0,933
26.07.1994 03:00;0,924
26.07.1994 04:00;0,851
26.07.1994 05:00;0,582
26.07.1994 06:00;0,302
26.07.1994 07:00;-0,036
26.07.1994 08:00;-0,106
26.07.1994 09:00;-0,152
26.07.1994 10:00;-0,018
26.07.1994 11:00;0,226
26.07.1994 12:00;0,515
26.07.1994 13:00;0,78
26.07.1994 14:00;0,963
26.07.1994 15:00;0,951
26.07.1994 16:00;0,896
26.07.1994 17:00;0,726
26.07.1994 18:00;0,473
26.07.1994 19:00;0,159
26.07.1994 20:00;0,003
26.07.1994 21:00;0,009
26.07.1994 22:00;0,082
26.07.1994 23:00;0,186
27.07.1994 00:00;0,399
27.07.1994 01:00;0,695
27.07.1994 02:00;0,835
27.07.1994 03:00;0,89
27.07.1994 04:00;0,817
27.07.1994 05:00;0,61
27.07.1994 06:00;0,421
27.07.1994 07:00;0,223
27.07.1994 08:00;-0,012
27.07.1994 09:00;-0,113
27.07.1994 10:00;-0,033
27.07.1994 11:00;0,107
27.07.1994 12:00;0,299
27.07.1994 13:00;0,591
27.07.1994 14:00;0,841
27.07.1994 15:00;0,908
27.07.1994 16:00;0,927
27.07.1994 17:00;0,844
27.07.1994 18:00;0,656
27.07.1994 19:00;0,463
27.07.1994 20:00;0,244
27.07.1994 21:00;0,055
27.07.1994 22:00;0,067
27.07.1994 23:00;0,14
28.07.1994 00:00;0,284
28.07.1994 01:00;0,476
28.07.1994 02:00;0,674
28.07.1994 03:00;0,835
28.07.1994 04:00;0,796
28.07.1994 05:00;0,729
28.07.1994 06:00;0,558
28.07.1994 07:00;0,317
28.07.1994 08:00;0,134
28.07.1994 09:00;-0,064
28.07.1994 10:00;-0,088
28.07.1994 11:00;-0,021
28.07.1994 12:00;0,171
28.07.1994 13:00;0,323
28.07.1994 14:00;0,601
28.07.1994 15:00;0,79
28.07.1994 16:00;0,793
28.07.1994 17:00;0,844
28.07.1994 18:00;0,729
28.07.1994 19:00;0,527
28.07.1994 20:00;0,29
28.07.1994 21:00;0,186
28.07.1994 22:00;0,006
28.07.1994 23:00;-0,003
29.07.1994 00:00;0,07
29.07.1994 01:00;0,192
29.07.1994 02:00;0,439
29.07.1994 03:00;0,646
29.07.1994 04:00;0,698
29.07.1994 05:00;0,707
29.07.1994 06:00;0,588
29.07.1994 07:00;0,442
29.07.1994 08:00;0,244
29.07.1994 09:00;0,061
29.07.1994 10:00;-0,058
29.07.1994 11:00;-0,106
29.07.1994 12:00;-0,003
29.07.1994 13:00;0,183
29.07.1994 14:00;0,387
29.07.1994 15:00;0,628
29.07.1994 16:00;0,82
29.07.1994 17:00;0,811
29.07.1994 18:00;0,771
29.07.1994 19:00;0,668
29.07.1994 20:00;0,527
29.07.1994 21:00;0,275
29.07.1994 22:00;0,15
29.07.1994 23:00;0,073
30.07.1994 00:00;0,14
30.07.1994 01:00;0,14
30.07.1994 02:00;0,308
30.07.1994 03:00;0,494
30.07.1994 04:00;0,625
30.07.1994 05:00;0,649
30.07.1994 06:00;0,619
30.07.1994 07:00;0,534
30.07.1994 08:00;0,399
30.07.1994 09:00;0,21
30.07.1994 10:00;0,034
30.07.1994 11:00;-0,036
30.07.1994 12:00;0,012
30.07.1994 13:00;0,134
30.07.1994 14:00;0,284
30.07.1994 15:00;0,46
30.07.1994 16:00;0,707
30.07.1994 17:00;0,811
30.07.1994 18:00;0,82
30.07.1994 19:00;0,768
30.07.1994 20:00;0,683
30.07.1994 21:00;0,515
30.07.1994 22:00;0,323
30.07.1994 23:00;0,174
31.07.1994 00:00;0,107
31.07.1994 01:00;0,125
31.07.1994 02:00;0,207
31.07.1994 03:00;0,357
31.07.1994 04:00;0,482
31.07.1994 05:00;0,634
31.07.1994 06:00;0,652
31.07.1994 07:00;0,61
31.07.1994 08:00;0,521
31.07.1994 09:00;0,372
31.07.1994 10:00;0,186
31.07.1994 11:00;0,055
31.07.1994 12:00;0,022
31.07.1994 13:00;0,055
31.07.1994 14:00;0,195
31.07.1994 15:00;0,345
31.07.1994 16:00;0,558
31.07.1994 17:00;0,741
31.07.1994 18:00;0,832
31.07.1994 19:00;0,826
31.07.1994 20:00;0,756
31.07.1994 21:00;0,656
31.07.1994 22:00;0,521
31.07.1994 23:00;0,326
1.08.1994 00:00;0,174
1.08.1994 01:00;0,156
1.08.1994 02:00;0,177
1.08.1994 03:00;0,256
1.08.1994 04:00;0,372
1.08.1994 05:00;0,537
1.08.1994 06:00;0,634
1.08.1994 07:00;0,652
1.08.1994 08:00;0,604
1.08.1994 09:00;0,54
1.08.1994 10:00;0,387
1.08.1994 11:00;0,232
1.08.1994 12:00;0,131
1.08.1994 13:00;0,104
1.08.1994 14:00;0,195
1.08.1994 15:00;0,256
1.08.1994 16:00;0,448
1.08.1994 17:00;0,643
1.08.1994 18:00;0,799
1.08.1994 19:00;0,869
1.08.1994 20:00;0,829
1.08.1994 21:00;0,814
1.08.1994 22:00;0,698
1.08.1994 23:00;0,518
2.08.1994 00:00;0,329
2.08.1994 01:00;0,186
2.08.1994 02:00;0,15
2.08.1994 03:00;0,183
2.08.1994 04:00;0,265
2.08.1994 05:00;0,424
2.08.1994 06:00;0,564
2.08.1994 07:00;0,643
2.08.1994 08:00;0,68
2.08.1994 09:00;0,637
2.08.1994 10:00;0,537
2.08.1994 11:00;0,39
2.08.1994 12:00;0,256
2.08.1994 13:00;0,131
2.08.1994 14:00;0,137
2.08.1994 15:00;0,195
2.08.1994 16:00;0,335
2.08.1994 17:00;0,494
2.08.1994 18:00;0,686
2.08.1994 19:00;0,872
2.08.1994 20:00;0,933
2.08.1994 21:00;0,927
2.08.1994 22:00;0,841
2.08.1994 23:00;0,686
3.08.1994 00:00;0,467
3.08.1994 01:00;0,265
3.08.1994 02:00;0,125
3.08.1994 03:00;0,119
3.08.1994 04:00;0,153
3.08.1994 05:00;0,22
3.08.1994 06:00;0,372
3.08.1994 07:00;0,527
3.08.1994 08:00;0,683
3.08.1994 09:00;0,695
3.08.1994 10:00;0,619
3.08.1994 11:00;0,512
3.08.1994 12:00;0,381
3.08.1994 13:00;0,198
3.08.1994 14:00;0,082
3.08.1994 15:00;0,076
3.08.1994 16:00;0,146
3.08.1994 17:00;0,284
3.08.1994 18:00;0,47
3.08.1994 19:00;0,686
3.08.1994 20:00;0,89
3.08.1994 21:00;0,96
3.08.1994 22:00;0,912
3.08.1994 23:00;0,808
4.08.1994 00:00;0,646
4.08.1994 01:00;0,43
4.08.1994 02:00;0,186
4.08.1994 03:00;0,061
4.08.1994 04:00;0,034
4.08.1994 05:00;0,089
4.08.1994 06:00;0,232
4.08.1994 07:00;0,409
4.08.1994 08:00;0,57
4.08.1994 09:00;0,683
4.08.1994 10:00;0,707
4.08.1994 11:00;0,637
4.08.1994 12:00;0,531
4.08.1994 13:00;0,387
4.08.1994 14:00;0,198
4.08.1994 15:00;0,058
4.08.1994 16:00;0,052
4.08.1994 17:00;0,137
4.08.1994 18:00;0,308
4.08.1994 19:00;0,521
4.08.1994 20:00;0,692
4.08.1994 21:00;0,878
4.08.1994 22:00;0,948
4.08.1994 23:00;0,893
5.08.1994 00:00;0,808
5.08.1994 01:00;0,555
5.08.1994 02:00;0,323
5.08.1994 03:00;0,089
5.08.1994 04:00;-0,067
5.08.1994 05:00;-0,061
5.08.1994 06:00;0,028
5.08.1994 07:00;0,168
5.08.1994 08:00;0,375
5.08.1994 09:00;0,588
5.08.1994 10:00;0,683
5.08.1994 11:00;0,659
5.08.1994 12:00;0,573
5.08.1994 13:00;0,412
5.08.1994 14:00;0,21
5.08.1994 15:00;0,037
5.08.1994 16:00;-0,116
5.08.1994 17:00;-0,11
5.08.1994 18:00;0,022
5.08.1994 19:00;0,214
5.08.1994 20:00;0,46
5.08.1994 21:00;0,71
5.08.1994 22:00;0,972
5.08.1994 23:00;0,924
6.08.1994 00:00;0,729
6.08.1994 01:00;0,716
6.08.1994 02:00;0,585
6.08.1994 03:00;0,284
6.08.1994 04:00;-0,024
6.08.1994 05:00;0,086
6.08.1994 06:00;0,052
6.08.1994 07:00;0,281
6.08.1994 08:00;0,488
6.08.1994 09:00;0,805
6.08.1994 10:00;1
6.08.1994 11:00;1,122
6.08.1994 12:00;1,113
6.08.1994 13:00;1,009
6.08.1994 14:00;0,832
6.08.1994 15:00;0,561
6.08.1994 16:00;0,308
6.08.1994 17:00;0,214
6.08.1994 18:00;0,247
6.08.1994 19:00;0,378
6.08.1994 20:00;0,625
6.08.1994 21:00;0,927
6.08.1994 22:00;1,189
6.08.1994 23:00;1,323
7.08.1994 00:00;1,329
7.08.1994 01:00;1,232
7.08.1994 02:00;1,043
7.08.1994 03:00;0,774
7.08.1994 04:00;0,457
7.08.1994 05:00;0,253
7.08.1994 06:00;0,177
7.08.1994 07:00;0,22
7.08.1994 08:00;0,396
7.08.1994 09:00;0,601
7.08.1994 10:00;0,887
7.08.1994 11:00;1,082
7.08.1994 12:00;1,152
7.08.1994 13:00;1,07
7.08.1994 14:00;0,921
7.08.1994 15:00;0,701
7.08.1994 16:00;0,403
7.08.1994 17:00;0,207
7.08.1994 18:00;0,131
7.08.1994 19:00;0,201
7.08.1994 20:00;0,381
7.08.1994 21:00;0,656
7.08.1994 22:00;0,976
7.08.1994 23:00;1,213
8.08.1994 00:00;1,314
8.08.1994 01:00;1,271
8.08.1994 02:00;1,119
8.08.1994 03:00;0,912
8.08.1994 04:00;0,595
8.08.1994 05:00;0,293
8.08.1994 06:00;0,134
8.08.1994 07:00;0,11
8.08.1994 08:00;0,21
8.08.1994 09:00;0,436
8.08.1994 10:00;0,701
8.08.1994 11:00;0,994
8.08.1994 12:00;1,158
8.08.1994 13:00;1,171
8.08.1994 14:00;1,082
8.08.1994 15:00;0,884
8.08.1994 16:00;0,625
8.08.1994 17:00;0,342
8.08.1994 18:00;0,15
8.08.1994 19:00;0,107
8.08.1994 20:00;0,192
8.08.1994 21:00;0,409
8.08.1994 22:00;0,698
8.08.1994 23:00;1,009
9.08.1994 00:00;1,238
9.08.1994 01:00;1,308
9.08.1994 02:00;1,241
9.08.1994 03:00;1,067
9.08.1994 04:00;0,78
9.08.1994 05:00;0,473
9.08.1994 06:00;0,186
9.08.1994 07:00;0,031
9.08.1994 08:00;0,098
9.08.1994 09:00;0,262
9.08.1994 10:00;0,494
9.08.1994 11:00;0,808
9.08.1994 12:00;1,101
9.08.1994 13:00;1,21
9.08.1994 14:00;1,207
9.08.1994 15:00;1,076
9.08.1994 16:00;0,857
9.08.1994 17:00;0,546
9.08.1994 18:00;0,253
9.08.1994 19:00;0,079
9.08.1994 20:00;0,04
9.08.1994 21:00;0,174
9.08.1994 22:00;0,396
9.08.1994 23:00;0,692
10.08.1994 00:00;0,988
10.08.1994 01:00;1,161
10.08.1994 02:00;1,177
10.08.1994 03:00;1,079
10.08.1994 04:00;0,851
10.08.1994 05:00;0,564
10.08.1994 06:00;0,25
10.08.1994 07:00;-0,024
10.08.1994 08:00;-0,103
10.08.1994 09:00;-0,021
10.08.1994 10:00;0,14
10.08.1994 11:00;0,457
10.08.1994 12:00;0,768
10.08.1994 13:00;1,033
10.08.1994 14:00;1,171
10.08.1994 15:00;1,101
10.08.1994 16:00;0,924
10.08.1994 17:00;0,677
10.08.1994 18:00;0,369
10.08.1994 19:00;0,092
10.08.1994 20:00;-0,067
10.08.1994 21:00;-0,046
10.08.1994 22:00;0,122
10.08.1994 23:00;0,323
11.08.1994 00:00;0,628
11.08.1994 01:00;0,908
11.08.1994 02:00;1,043
11.08.1994 03:00;1,055
11.08.1994 04:00;0,884
11.08.1994 05:00;0,686
11.08.1994 06:00;0,412
11.08.1994 07:00;0,095
11.08.1994 08:00;-0,103
11.08.1994 09:00;-0,116
11.08.1994 10:00;-0,039
11.08.1994 11:00;0,183
11.08.1994 12:00;0,485
11.08.1994 13:00;0,835
11.08.1994 14:00;1,049
11.08.1994 15:00;1,125
11.08.1994 16:00;1,064
11.08.1994 17:00;0,912
11.08.1994 18:00;0,665
11.08.1994 19:00;0,351
11.08.1994 20:00;0,073
11.08.1994 21:00;-0,012
11.08.1994 22:00;0,028
11.08.1994 23:00;0,128
12.08.1994 00:00;0,348
12.08.1994 01:00;0,652
12.08.1994 02:00;0,89
12.08.1994 03:00;0,982
12.08.1994 04:00;0,963
12.08.1994 05:00;0,811
12.08.1994 06:00;0,595
12.08.1994 07:00;0,281
12.08.1994 08:00;0,028
12.08.1994 09:00;-0,122
12.08.1994 10:00;-0,11
12.08.1994 11:00;-0,009
12.08.1994 12:00;0,189
12.08.1994 13:00;0,491
12.08.1994 14:00;0,817
12.08.1994 15:00;1,03
12.08.1994 16:00;1,064
12.08.1994 17:00;0,985
12.08.1994 18:00;0,854
12.08.1994 19:00;0,595
12.08.1994 20:00;0,29
12.08.1994 21:00;0,061
12.08.1994 22:00;-0,033
12.08.1994 23:00;-0,021
13.08.1994 00:00;0,113
13.08.1994 01:00;0,287
13.08.1994 02:00;0,591
13.08.1994 03:00;0,82
13.08.1994 04:00;0,875
13.08.1994 05:00;0,78
13.08.1994 06:00;0,662
13.08.1994 07:00;0,476
13.08.1994 08:00;0,217
13.08.1994 09:00;-0,064
13.08.1994 10:00;-0,207
13.08.1994 11:00;-0,161
13.08.1994 12:00;-0,073
13.08.1994 13:00;0,131
13.08.1994 14:00;0,439
13.08.1994 15:00;0,78
13.08.1994 16:00;0,957
13.08.1994 17:00;0,954
13.08.1994 18:00;0,887
13.08.1994 19:00;0,753
13.08.1994 20:00;0,488
13.08.1994 21:00;0,204
13.08.1994 22:00;0,003
13.08.1994 23:00;-0,152
14.08.1994 00:00;-0,137
14.08.1994 01:00;-0,03
14.08.1994 02:00;0,195
14.08.1994 03:00;0,421
14.08.1994 04:00;0,607
14.08.1994 05:00;0,652
14.08.1994 06:00;0,616
14.08.1994 07:00;0,521
14.08.1994 08:00;0,314
14.08.1994 09:00;0,055
14.08.1994 10:00;-0,164
14.08.1994 11:00;-0,289
14.08.1994 12:00;-0,259
14.08.1994 13:00;-0,167
14.08.1994 14:00;0,043
14.08.1994 15:00;0,351
14.08.1994 16:00;0,656
14.08.1994 17:00;0,82
14.08.1994 18:00;0,866
14.08.1994 19:00;0,832
14.08.1994 20:00;0,656
14.08.1994 21:00;0,393
14.08.1994 22:00;0,116
14.08.1994 23:00;-0,119
15.08.1994 00:00;-0,299
15.08.1994 01:00;-0,244
15.08.1994 02:00;-0,152
15.08.1994 03:00;0,028
15.08.1994 04:00;0,229
15.08.1994 05:00;0,433
15.08.1994 06:00;0,494
15.08.1994 07:00;0,5
15.08.1994 08:00;0,424
15.08.1994 09:00;0,256
15.08.1994 10:00;0,082
15.08.1994 11:00;-0,1
15.08.1994 12:00;-0,28
15.08.1994 13:00;-0,228
15.08.1994 14:00;-0,027
15.08.1994 15:00;0,153
15.08.1994 16:00;0,424
15.08.1994 17:00;0,78
15.08.1994 18:00;0,976
15.08.1994 19:00;0,994
15.08.1994 20:00;1,009
15.08.1994 21:00;0,866
15.08.1994 22:00;0,643
15.08.1994 23:00;0,345
16.08.1994 00:00;0,073
16.08.1994 01:00;0,015
16.08.1994 02:00;-0,052
16.08.1994 03:00;0,049
16.08.1994 04:00;0,244
16.08.1994 05:00;0,424
16.08.1994 06:00;0,662
16.08.1994 07:00;0,692
16.08.1994 08:00;0,692
16.08.1994 09:00;0,631
16.08.1994 10:00;0,485
16.08.1994 11:00;0,223
16.08.1994 12:00;0,028
16.08.1994 13:00;-0,097
16.08.1994 14:00;-0,085
16.08.1994 15:00;-0,042
16.08.1994 16:00;0,214
16.08.1994 17:00;0,457
16.08.1994 18:00;0,741
16.08.1994 19:00;0,908
16.08.1994 20:00;1,003
16.08.1994 21:00;0,972
16.08.1994 22:00;0,878
16.08.1994 23:00;0,619
17.08.1994 00:00;0,317
17.08.1994 01:00;0,128
17.08.1994 02:00;-0,049
17.08.1994 03:00;-0,049
17.08.1994 04:00;0,052
17.08.1994 05:00;0,259
17.08.1994 06:00;0,482
17.08.1994 07:00;0,68
17.08.1994 08:00;0,811
17.08.1994 09:00;0,79
17.08.1994 10:00;0,723
17.08.1994 11:00;0,619
17.08.1994 12:00;0,357
17.08.1994 13:00;0,082
17.08.1994 14:00;-0,009
17.08.1994 15:00;-0,106
17.08.1994 16:00;-0,012
17.08.1994 17:00;0,229
17.08.1994 18:00;0,463
17.08.1994 19:00;0,75
17.08.1994 20:00;0,96
17.08.1994 21:00;1,006
17.08.1994 22:00;0,951
17.08.1994 23:00;0,838
18.08.1994 00:00;0,561
18.08.1994 01:00;0,275
18.08.1994 02:00;-0,015
18.08.1994 03:00;-0,146
18.08.1994 04:00;-0,158
18.08.1994 05:00;-0,046
18.08.1994 06:00;0,116
18.08.1994 07:00;0,345
18.08.1994 08:00;0,622
18.08.1994 09:00;0,762
18.08.1994 10:00;0,756
18.08.1994 11:00;0,665
18.08.1994 12:00;0,503
18.08.1994 13:00;0,226
18.08.1994 14:00;-0,009
18.08.1994 15:00;-0,155
18.08.1994 16:00;-0,192
18.08.1994 17:00;-0,11
18.08.1994 18:00;0,113
18.08.1994 19:00;0,393
18.08.1994 20:00;0,701
18.08.1994 21:00;0,924
18.08.1994 22:00;0,997
18.08.1994 23:00;0,948
19.08.1994 00:00;0,796
19.08.1994 01:00;0,524
19.08.1994 02:00;0,214
19.08.1994 03:00;-0,027
19.08.1994 04:00;-0,189
19.08.1994 05:00;-0,155
19.08.1994 06:00;-0,058
19.08.1994 07:00;0,189
19.08.1994 08:00;0,47
19.08.1994 09:00;0,72
19.08.1994 10:00;0,844
19.08.1994 11:00;0,869
19.08.1994 12:00;0,729
19.08.1994 13:00;0,558
19.08.1994 14:00;0,281
19.08.1994 15:00;-0,015
19.08.1994 16:00;-0,198
19.08.1994 17:00;-0,201
19.08.1994 18:00;-0,049
19.08.1994 19:00;0,168
19.08.1994 20:00;0,485
19.08.1994 21:00;0,826
19.08.1994 22:00;1,061
19.08.1994 23:00;1,024
20.08.1994 00:00;1,024
20.08.1994 01:00;0,841
20.08.1994 02:00;0,546
20.08.1994 03:00;0,244
20.08.1994 04:00;-0,039
20.08.1994 05:00;-0,131
20.08.1994 06:00;-0,103
20.08.1994 07:00;0,031
20.08.1994 08:00;0,259
20.08.1994 09:00;0,579
20.08.1994 10:00;0,844
20.08.1994 11:00;0,93
20.08.1994 12:00;0,927
20.08.1994 13:00;0,787
20.08.1994 14:00;0,607
20.08.1994 15:00;0,311
20.08.1994 16:00;0,046
20.08.1994 17:00;-0,067
20.08.1994 18:00;-0,036
20.08.1994 19:00;0,082
20.08.1994 20:00;0,314
20.08.1994 21:00;0,665
20.08.1994 22:00;0,979
20.08.1994 23:00;1,113
21.08.1994 00:00;1,14
21.08.1994 01:00;1,021
21.08.1994 02:00;0,793
21.08.1994 03:00;0,509
21.08.1994 04:00;0,162
21.08.1994 05:00;-0,082
21.08.1994 06:00;-0,137
21.08.1994 07:00;-0,091
21.08.1994 08:00;0,101
21.08.1994 09:00;0,354
21.08.1994 10:00;0,677
21.08.1994 11:00;0,93
21.08.1994 12:00;0,985
21.08.1994 13:00;0,924
21.08.1994 14:00;0,808
21.08.1994 15:00;0,582
21.08.1994 16:00;0,29
21.08.1994 17:00;0,012
21.08.1994 18:00;-0,1
21.08.1994 19:00;-0,042
21.08.1994 20:00;0,07
21.08.1994 21:00;0,351
21.08.1994 22:00;0,634
21.08.1994 23:00;0,89
22.08.1994 00:00;1,012
22.08.1994 01:00;0,972
22.08.1994 02:00;0,82
22.08.1994 03:00;0,604
22.08.1994 04:00;0,329
22.08.1994 05:00;0,025
22.08.1994 06:00;-0,164
22.08.1994 07:00;-0,198
22.08.1994 08:00;-0,085
22.08.1994 09:00;0,128
22.08.1994 10:00;0,442
22.08.1994 11:00;0,72
22.08.1994 12:00;0,954
22.08.1994 13:00;0,976
22.08.1994 14:00;0,908
22.08.1994 15:00;0,738
22.08.1994 16:00;0,506
22.08.1994 17:00;0,186
22.08.1994 18:00;-0,006
22.08.1994 19:00;-0,088
22.08.1994 20:00;0,012
22.08.1994 21:00;0,186
22.08.1994 22:00;0,442
22.08.1994 23:00;0,762
23.08.1994 00:00;0,985
23.08.1994 01:00;1,061
23.08.1994 02:00;0,988
23.08.1994 03:00;0,908
23.08.1994 04:00;0,665
23.08.1994 05:00;0,393
23.08.1994 06:00;0,14
23.08.1994 07:00;0,064
23.08.1994 08:00;0,125
23.08.1994 09:00;0,311
23.08.1994 10:00;0,561
23.08.1994 11:00;0,838
23.08.1994 12:00;1,122
23.08.1994 13:00;1,268
23.08.1994 14:00;1,28
23.08.1994 15:00;1,192
23.08.1994 16:00;1,021
23.08.1994 17:00;0,747
23.08.1994 18:00;0,479
23.08.1994 19:00;0,308
23.08.1994 20:00;0,302
23.08.1994 21:00;0,43
23.08.1994 22:00;0,613
23.08.1994 23:00;0,869
24.08.1994 00:00;1,104
24.08.1994 01:00;1,268
24.08.1994 02:00;1,286
24.08.1994 03:00;1,198
24.08.1994 04:00;1,009
24.08.1994 05:00;0,735
24.08.1994 06:00;0,445
24.08.1994 07:00;0,214
24.08.1994 08:00;0,146
24.08.1994 09:00;0,204
24.08.1994 10:00;0,335
24.08.1994 11:00;0,573
24.08.1994 12:00;0,86
24.08.1994 13:00;1,079
24.08.1994 14:00;1,158
24.08.1994 15:00;1,107
24.08.1994 16:00;0,982
24.08.1994 17:00;0,753
24.08.1994 18:00;0,534
24.08.1994 19:00;0,311
24.08.1994 20:00;0,21
24.08.1994 21:00;0,235
24.08.1994 22:00;0,348
24.08.1994 23:00;0,518
25.08.1994 00:00;0,774
25.08.1994 01:00;1,003
25.08.1994 02:00;1,104
25.08.1994 03:00;1,064
25.08.1994 04:00;0,927
25.08.1994 05:00;0,71
25.08.1994 06:00;0,463
25.08.1994 07:00;0,226
25.08.1994 08:00;0,128
25.08.1994 09:00;0,11
25.08.1994 10:00;0,217
25.08.1994 11:00;0,409
25.08.1994 12:00;0,637
25.08.1994 13:00;0,902
25.08.1994 14:00;1,058
25.08.1994 15:00;1,091
25.08.1994 16:00;1,027
25.08.1994 17:00;0,887
25.08.1994 18:00;0,656
25.08.1994 19:00;0,421
25.08.1994 20:00;0,259
25.08.1994 21:00;0,177
25.08.1994 22:00;0,238
25.08.1994 23:00;0,323
26.08.1994 00:00;0,488
26.08.1994 01:00;0,704
26.08.1994 02:00;0,854
26.08.1994 03:00;0,915
26.08.1994 04:00;0,869
26.08.1994 05:00;0,729
26.08.1994 06:00;0,503
26.08.1994 07:00;0,287
26.08.1994 08:00;0,131
26.08.1994 09:00;0,067
26.08.1994 10:00;0,092
26.08.1994 11:00;0,22
26.08.1994 12:00;0,403
26.08.1994 13:00;0,619
26.08.1994 14:00;0,866
26.08.1994 15:00;0,957
26.08.1994 16:00;0,924
26.08.1994 17:00;0,848
26.08.1994 18:00;0,689
26.08.1994 19:00;0,47
26.08.1994 20:00;0,271
26.08.1994 21:00;0,131
26.08.1994 22:00;0,116
26.08.1994 23:00;0,168
27.08.1994 00:00;0,299
27.08.1994 01:00;0,454
27.08.1994 02:00;0,631
27.08.1994 03:00;0,774
27.08.1994 04:00;0,799
27.08.1994 05:00;0,71
27.08.1994 06:00;0,555
27.08.1994 07:00;0,39
27.08.1994 08:00;0,214
27.08.1994 09:00;0,073
27.08.1994 10:00;0,043
27.08.1994 11:00;0,153
27.08.1994 12:00;0,275
27.08.1994 13:00;0,445
27.08.1994 14:00;0,68
27.08.1994 15:00;0,893
27.08.1994 16:00;0,954
27.08.1994 17:00;0,89
27.08.1994 18:00;0,802
27.08.1994 19:00;0,634
27.08.1994 20:00;0,451
27.08.1994 21:00;0,293
27.08.1994 22:00;0,195
27.08.1994 23:00;0,177
28.08.1994 00:00;0,232
28.08.1994 01:00;0,339
28.08.1994 02:00;0,491
28.08.1994 03:00;0,668
28.08.1994 04:00;0,75
28.08.1994 05:00;0,747
28.08.1994 06:00;0,643
28.08.1994 07:00;0,527
28.08.1994 08:00;0,375
28.08.1994 09:00;0,217
28.08.1994 10:00;0,113
28.08.1994 11:00;0,104
28.08.1994 12:00;0,189
28.08.1994 13:00;0,326
28.08.1994 14:00;0,485
28.08.1994 15:00;0,72
28.08.1994 16:00;0,896
28.08.1994 17:00;0,905
28.08.1994 18:00;0,866
28.08.1994 19:00;0,759
28.08.1994 20:00;0,576
28.08.1994 21:00;0,433
28.08.1994 22:00;0,29
28.08.1994 23:00;0,174
29.08.1994 00:00;0,177
29.08.1994 01:00;0,238
29.08.1994 02:00;0,335
29.08.1994 03:00;0,473
29.08.1994 04:00;0,616
29.08.1994 05:00;0,68
29.08.1994 06:00;0,625
29.08.1994 07:00;0,558
29.08.1994 08:00;0,448
29.08.1994 09:00;0,262
29.08.1994 10:00;0,128
29.08.1994 11:00;0,025
29.08.1994 12:00;0,046
29.08.1994 13:00;0,101
29.08.1994 14:00;0,293
29.08.1994 15:00;0,454
29.08.1994 16:00;0,649
29.08.1994 17:00;0,768
29.08.1994 18:00;0,784
29.08.1994 19:00;0,729
29.08.1994 20:00;0,625
29.08.1994 21:00;0,488
29.08.1994 22:00;0,311
29.08.1994 23:00;0,146
30.08.1994 00:00;0,073
30.08.1994 01:00;0,207
30.08.1994 02:00;0,183
30.08.1994 03:00;0,287
30.08.1994 04:00;0,537
30.08.1994 05:00;0,683
30.08.1994 06:00;0,689
30.08.1994 07:00;0,659
30.08.1994 08:00;0,652
30.08.1994 09:00;0,54
30.08.1994 10:00;0,372
30.08.1994 11:00;0,259
30.08.1994 12:00;0,137
30.08.1994 13:00;0,174
30.08.1994 14:00;0,268
30.08.1994 15:00;0,43
30.08.1994 16:00;0,555
30.08.1994 17:00;0,753
30.08.1994 18:00;0,866
30.08.1994 19:00;0,844
30.08.1994 20:00;0,777
30.08.1994 21:00;0,68
30.08.1994 22:00;0,54
30.08.1994 23:00;0,342
31.08.1994 00:00;0,18
31.08.1994 01:00;0,113
31.08.1994 02:00;0,143
31.08.1994 03:00;0,195
31.08.1994 04:00;0,351
31.08.1994 05:00;0,488
31.08.1994 06:00;0,616
31.08.1994 07:00;0,689
31.08.1994 08:00;0,674
31.08.1994 09:00;0,561
31.08.1994 10:00;0,488
31.08.1994 11:00;0,329
31.08.1994 12:00;0,177
31.08.1994 13:00;0,113
31.08.1994 14:00;0,153
31.08.1994 15:00;0,256
31.08.1994 16:00;0,424
31.08.1994 17:00;0,607
31.08.1994 18:00;0,79
31.08.1994 19:00;0,893
31.08.1994 20:00;0,902
31.08.1994 21:00;0,844
31.08.1994 22:00;0,72
31.08.1994 23:00;0,527
1.09.1994 00:00;0,366
1.09.1994 01:00;0,165
1.09.1994 02:00;0,064
1.09.1994 03:00;0,089
1.09.1994 04:00;0,183
1.09.1994 05:00;0,323
1.09.1994 06:00;0,46
1.09.1994 07:00;0,613
1.09.1994 08:00;0,674
1.09.1994 09:00;0,637
1.09.1994 10:00;0,549
1.09.1994 11:00;0,412
1.09.1994 12:00;0,247
1.09.1994 13:00;0,055
1.09.1994 14:00;0,031
1.09.1994 15:00;0,058
1.09.1994 16:00;0,204
1.09.1994 17:00;0,399
1.09.1994 18:00;0,561
1.09.1994 19:00;0,774
1.09.1994 20:00;0,896
1.09.1994 21:00;0,927
1.09.1994 22:00;0,86
1.09.1994 23:00;0,72
2.09.1994 00:00;0,555
2.09.1994 01:00;0,29
2.09.1994 02:00;0,146
2.09.1994 03:00;0,125
2.09.1994 04:00;0,098
2.09.1994 05:00;0,247
2.09.1994 06:00;0,412
2.09.1994 07:00;0,622
2.09.1994 08:00;0,799
2.09.1994 09:00;0,89
2.09.1994 10:00;0,866
2.09.1994 11:00;0,787
2.09.1994 12:00;0,591
2.09.1994 13:00;0,393
2.09.1994 14:00;0,25
2.09.1994 15:00;0,235
2.09.1994 16:00;0,207
2.09.1994 17:00;0,345
2.09.1994 18:00;0,579
2.09.1994 19:00;0,79
2.09.1994 20:00;0,994
2.09.1994 21:00;1,119
2.09.1994 22:00;1,146
2.09.1994 23:00;1,046
3.09.1994 00:00;0,902
3.09.1994 01:00;0,625
3.09.1994 02:00;0,384
3.09.1994 03:00;0,25
3.09.1994 04:00;0,192
3.09.1994 05:00;0,262
3.09.1994 06:00;0,406
3.09.1994 07:00;0,616
3.09.1994 08:00;0,863
3.09.1994 09:00;1,04
3.09.1994 10:00;1,094
3.09.1994 11:00;1,052
3.09.1994 12:00;0,954
3.09.1994 13:00;0,784
3.09.1994 14:00;0,54
3.09.1994 15:00;0,357
3.09.1994 16:00;0,275
3.09.1994 17:00;0,311
3.09.1994 18:00;0,485
3.09.1994 19:00;0,72
3.09.1994 20:00;1,009
3.09.1994 21:00;1,225
3.09.1994 22:00;1,323
3.09.1994 23:00;1,341
4.09.1994 00:00;1,198
4.09.1994 01:00;1,012
4.09.1994 02:00;0,771
4.09.1994 03:00;0,497
4.09.1994 04:00;0,335
4.09.1994 05:00;0,275
4.09.1994 06:00;0,39
4.09.1994 07:00;0,628
4.09.1994 08:00;0,936
4.09.1994 09:00;1,149
4.09.1994 10:00;1,353
4.09.1994 11:00;1,399
4.09.1994 12:00;1,335
4.09.1994 13:00;1,14
4.09.1994 14:00;0,893
4.09.1994 15:00;0,637
4.09.1994 16:00;0,403
4.09.1994 17:00;0,335
4.09.1994 18:00;0,457
4.09.1994 19:00;0,625
4.09.1994 20:00;0,912
4.09.1994 21:00;1,192
4.09.1994 22:00;1,448
4.09.1994 23:00;1,546
5.09.1994 00:00;1,524
5.09.1994 01:00;1,369
5.09.1994 02:00;1,134
5.09.1994 03:00;0,802
5.09.1994 04:00;0,549
5.09.1994 05:00;0,335
5.09.1994 06:00;0,357
5.09.1994 07:00;0,415
5.09.1994 08:00;0,68
5.09.1994 09:00;0,942
5.09.1994 10:00;1,198
5.09.1994 11:00;1,369
5.09.1994 12:00;1,308
5.09.1994 13:00;1,192
5.09.1994 14:00;0,957
5.09.1994 15:00;0,668
5.09.1994 16:00;0,387
5.09.1994 17:00;0,189
5.09.1994 18:00;0,226
5.09.1994 19:00;0,311
5.09.1994 20:00;0,534
5.09.1994 21:00;0,823
5.09.1994 22:00;1,128
5.09.1994 23:00;1,341
6.09.1994 00:00;1,39
6.09.1994 01:00;1,289
6.09.1994 02:00;1,079
6.09.1994 03:00;0,808
6.09.1994 04:00;0,473
6.09.1994 05:00;0,186
6.09.1994 06:00;0,061
6.09.1994 07:00;0,098
6.09.1994 08:00;0,302
6.09.1994 09:00;0,564
6.09.1994 10:00;0,896
6.09.1994 11:00;1,192
6.09.1994 12:00;1,335
6.09.1994 13:00;1,277
6.09.1994 14:00;1,128
6.09.1994 15:00;0,863
6.09.1994 16:00;0,521
6.09.1994 17:00;0,229
6.09.1994 18:00;0,061
6.09.1994 19:00;0,064
6.09.1994 20:00;0,201
6.09.1994 21:00;0,448
6.09.1994 22:00;0,768
6.09.1994 23:00;1,043
7.09.1994 00:00;1,241
7.09.1994 01:00;1,256
7.09.1994 02:00;1,165
7.09.1994 03:00;0,872
7.09.1994 04:00;0,588
7.09.1994 05:00;0,217
7.09.1994 06:00;-0,015
7.09.1994 07:00;-0,042
7.09.1994 08:00;0,003
7.09.1994 09:00;0,201
7.09.1994 10:00;0,5
7.09.1994 11:00;0,844
7.09.1994 12:00;1,094
7.09.1994 13:00;1,177
7.09.1994 14:00;1,119
7.09.1994 15:00;0,915
7.09.1994 16:00;0,64
7.09.1994 17:00;0,275
7.09.1994 18:00;-0,006
7.09.1994 19:00;-0,161
7.09.1994 20:00;-0,146
7.09.1994 21:00;0,018
7.09.1994 22:00;0,29
7.09.1994 23:00;0,619
8.09.1994 00:00;0,908
8.09.1994 01:00;1,046
8.09.1994 02:00;1,024
8.09.1994 03:00;0,896
8.09.1994 04:00;0,659
8.09.1994 05:00;0,332
8.09.1994 06:00;0,049
8.09.1994 07:00;-0,11
8.09.1994 08:00;-0,131
8.09.1994 09:00;-0,009
8.09.1994 10:00;0,256
8.09.1994 11:00;0,591
8.09.1994 12:00;0,954
8.09.1994 13:00;1,207
8.09.1994 14:00;1,247
8.09.1994 15:00;1,168
8.09.1994 16:00;0,948
8.09.1994 17:00;0,662
8.09.1994 18:00;0,311
8.09.1994 19:00;0,043
8.09.1994 20:00;-0,082
8.09.1994 21:00;-0,039
8.09.1994 22:00;0,122
8.09.1994 23:00;0,406
9.09.1994 00:00;0,71
9.09.1994 01:00;0,957
9.09.1994 02:00;1,03
9.09.1994 03:00;0,979
9.09.1994 04:00;0,829
9.09.1994 05:00;0,588
9.09.1994 06:00;0,253
9.09.1994 07:00;-0,021
9.09.1994 08:00;-0,137
9.09.1994 09:00;-0,143
9.09.1994 10:00;0,022
9.09.1994 11:00;0,284
9.09.1994 12:00;0,652
9.09.1994 13:00;0,966
9.09.1994 14:00;1,165
9.09.1994 15:00;1,216
9.09.1994 16:00;1,116
9.09.1994 17:00;0,884
9.09.1994 18:00;0,595
9.09.1994 19:00;0,238
9.09.1994 20:00;-0,009
9.09.1994 21:00;-0,073
9.09.1994 22:00;-0,033
9.09.1994 23:00;0,116
10.09.1994 00:00;0,399
10.09.1994 01:00;0,671
10.09.1994 02:00;0,902
10.09.1994 03:00;0,96
10.09.1994 04:00;0,908
10.09.1994 05:00;0,762
10.09.1994 06:00;0,497
10.09.1994 07:00;0,192
10.09.1994 08:00;-0,03
10.09.1994 09:00;-0,137
10.09.1994 10:00;-0,106
10.09.1994 11:00;0,037
10.09.1994 12:00;0,296
10.09.1994 13:00;0,634
10.09.1994 14:00;0,954
10.09.1994 15:00;1,146
10.09.1994 16:00;1,174
10.09.1994 17:00;1,088
10.09.1994 18:00;0,875
10.09.1994 19:00;0,573
10.09.1994 20:00;0,265
10.09.1994 21:00;0,073
10.09.1994 22:00;-0,003
10.09.1994 23:00;0,025
11.09.1994 00:00;0,186
11.09.1994 01:00;0,409
11.09.1994 02:00;0,68
11.09.1994 03:00;0,884
11.09.1994 04:00;0,954
11.09.1994 05:00;0,927
11.09.1994 06:00;0,735
11.09.1994 07:00;0,534
11.09.1994 08:00;0,314
11.09.1994 09:00;0,092
11.09.1994 10:00;0,028
11.09.1994 11:00;0,028
11.09.1994 12:00;0,217
11.09.1994 13:00;0,427
11.09.1994 14:00;0,75
11.09.1994 15:00;1,03
11.09.1994 16:00;1,201
11.09.1994 17:00;1,198
11.09.1994 18:00;1,128
11.09.1994 19:00;0,933
11.09.1994 20:00;0,646
11.09.1994 21:00;0,393
11.09.1994 22:00;0,177
11.09.1994 23:00;0,089
12.09.1994 00:00;0,104
12.09.1994 01:00;0,226
12.09.1994 02:00;0,433
12.09.1994 03:00;0,692
12.09.1994 04:00;0,872
12.09.1994 05:00;0,899
12.09.1994 06:00;0,844
12.09.1994 07:00;0,741
12.09.1994 08:00;0,549
12.09.1994 09:00;0,32
12.09.1994 10:00;0,128
12.09.1994 11:00;0,04
12.09.1994 12:00;0,052
12.09.1994 13:00;0,192
12.09.1994 14:00;0,39
12.09.1994 15:00;0,729
12.09.1994 16:00;0,985
12.09.1994 17:00;1,107
12.09.1994 18:00;1,137
12.09.1994 19:00;1,067
12.09.1994 20:00;0,921
12.09.1994 21:00;0,665
12.09.1994 22:00;0,406
12.09.1994 23:00;0,186
13.09.1994 00:00;0,092
13.09.1994 01:00;0,073
13.09.1994 02:00;0,201
13.09.1994 03:00;0,403
13.09.1994 04:00;0,622
13.09.1994 05:00;0,756
13.09.1994 06:00;0,805
13.09.1994 07:00;0,771
13.09.1994 08:00;0,686
13.09.1994 09:00;0,497
13.09.1994 10:00;0,262
13.09.1994 11:00;0,073
13.09.1994 12:00;-0,018
13.09.1994 13:00;-0,03
13.09.1994 14:00;0,092
13.09.1994 15:00;0,296
13.09.1994 16:00;0,61
13.09.1994 17:00;0,811
13.09.1994 18:00;0,994
13.09.1994 19:00;0,991
13.09.1994 20:00;0,918
13.09.1994 21:00;0,805
13.09.1994 22:00;0,546
13.09.1994 23:00;0,284
14.09.1994 00:00;0,052
14.09.1994 01:00;-0,015
14.09.1994 02:00;-0,003
14.09.1994 03:00;0,092
14.09.1994 04:00;0,284
14.09.1994 05:00;0,512
14.09.1994 06:00;0,634
14.09.1994 07:00;0,72
14.09.1994 08:00;0,72
14.09.1994 09:00;0,646
14.09.1994 10:00;0,436
14.09.1994 11:00;0,232
14.09.1994 12:00;0,037
14.09.1994 13:00;-0,076
14.09.1994 14:00;-0,082
14.09.1994 15:00;0,07
14.09.1994 16:00;0,268
14.09.1994 17:00;0,512
14.09.1994 18:00;0,793
14.09.1994 19:00;0,927
14.09.1994 20:00;0,972
14.09.1994 21:00;0,948
14.09.1994 22:00;0,817
14.09.1994 23:00;0,564
15.09.1994 00:00;0,305
15.09.1994 01:00;0,067
15.09.1994 02:00;-0,033
15.09.1994 03:00;0,012
15.09.1994 04:00;0,162
15.09.1994 05:00;0,351
15.09.1994 06:00;0,558
15.09.1994 07:00;0,774
15.09.1994 08:00;0,872
15.09.1994 09:00;0,863
15.09.1994 10:00;0,787
15.09.1994 11:00;0,61
15.09.1994 12:00;0,381
15.09.1994 13:00;0,198
15.09.1994 14:00;0,07
15.09.1994 15:00;0,092
15.09.1994 16:00;0,21
15.09.1994 17:00;0,403
15.09.1994 18:00;0,677
15.09.1994 19:00;0,954
15.09.1994 20:00;1,116
15.09.1994 21:00;1,149
15.09.1994 22:00;1,116
15.09.1994 23:00;0,954
16.09.1994 00:00;0,704
16.09.1994 01:00;0,436
16.09.1994 02:00;0,204
16.09.1994 03:00;0,116
16.09.1994 04:00;0,137
16.09.1994 05:00;0,281
16.09.1994 06:00;0,454
16.09.1994 07:00;0,735
16.09.1994 08:00;0,945
16.09.1994 09:00;1,03
16.09.1994 10:00;1,046
16.09.1994 11:00;0,927
16.09.1994 12:00;0,716
16.09.1994 13:00;0,467
16.09.1994 14:00;0,226
16.09.1994 15:00;0,113
16.09.1994 16:00;0,095
16.09.1994 17:00;0,21
16.09.1994 18:00;0,396
16.09.1994 19:00;0,656
16.09.1994 20:00;0,915
16.09.1994 21:00;1,076
16.09.1994 22:00;1,101
16.09.1994 23:00;1,015
17.09.1994 00:00;0,869
17.09.1994 01:00;0,585
17.09.1994 02:00;0,29
17.09.1994 03:00;0,098
17.09.1994 04:00;0,028
17.09.1994 05:00;0,079
17.09.1994 06:00;0,214
17.09.1994 07:00;0,457
17.09.1994 08:00;0,741
17.09.1994 09:00;0,942
17.09.1994 10:00;1,03
17.09.1994 11:00;0,994
17.09.1994 12:00;0,854
17.09.1994 13:00;0,622
17.09.1994 14:00;0,351
17.09.1994 15:00;0,137
17.09.1994 16:00;-0,009
17.09.1994 17:00;-0,021
17.09.1994 18:00;0,137
17.09.1994 19:00;0,339
17.09.1994 20:00;0,634
17.09.1994 21:00;0,915
17.09.1994 22:00;1,058
17.09.1994 23:00;1,027
18.09.1994 00:00;0,936
18.09.1994 01:00;0,716
18.09.1994 02:00;0,439
18.09.1994 03:00;0,143
18.09.1994 04:00;-0,085
18.09.1994 05:00;-0,14
18.09.1994 06:00;-0,073
18.09.1994 07:00;0,104
18.09.1994 08:00;0,348
18.09.1994 09:00;0,637
18.09.1994 10:00;0,857
18.09.1994 11:00;1,033
18.09.1994 12:00;0,939
18.09.1994 13:00;0,753
18.09.1994 14:00;0,531
18.09.1994 15:00;0,351
18.09.1994 16:00;0,116
18.09.1994 17:00;-0,027
18.09.1994 18:00;0,089
18.09.1994 19:00;0,22
18.09.1994 20:00;0,476
18.09.1994 21:00;0,768
18.09.1994 22:00;1,018
18.09.1994 23:00;1,152
19.09.1994 00:00;1,113
19.09.1994 01:00;1
19.09.1994 02:00;0,79
19.09.1994 03:00;0,509
19.09.1994 04:00;0,296
19.09.1994 05:00;0,089
19.09.1994 06:00;0,086
19.09.1994 07:00;0,223
19.09.1994 08:00;0,454
19.09.1994 09:00;0,747
19.09.1994 10:00;1,021
19.09.1994 11:00;1,207
19.09.1994 12:00;1,274
19.09.1994 13:00;1,186
19.09.1994 14:00;0,976
19.09.1994 15:00;0,726
19.09.1994 16:00;0,427
19.09.1994 17:00;0,201
19.09.1994 18:00;0,113
19.09.1994 19:00;0,143
19.09.1994 20:00;0,299
19.09.1994 21:00;0,579
19.09.1994 22:00;0,872
19.09.1994 23:00;1,058
20.09.1994 00:00;1,101
20.09.1994 01:00;1,04
20.09.1994 02:00;0,893
20.09.1994 03:00;0,64
20.09.1994 04:00;0,372
20.09.1994 05:00;0,116
20.09.1994 06:00;0,012
20.09.1994 07:00;0,076
20.09.1994 08:00;0,253
20.09.1994 09:00;0,491
20.09.1994 10:00;0,805
20.09.1994 11:00;1,07
20.09.1994 12:00;1,165
20.09.1994 13:00;1,107
20.09.1994 14:00;0,985
20.09.1994 15:00;0,796
20.09.1994 16:00;0,482
20.09.1994 17:00;0,223
20.09.1994 18:00;0,079
20.09.1994 19:00;0,07
20.09.1994 20:00;0,177
20.09.1994 21:00;0,39
20.09.1994 22:00;0,64
20.09.1994 23:00;0,912
21.09.1994 00:00;1,064
21.09.1994 01:00;1,049
21.09.1994 02:00;0,963
21.09.1994 03:00;0,78
21.09.1994 04:00;0,543
21.09.1994 05:00;0,278
21.09.1994 06:00;0,082
21.09.1994 07:00;0,064
21.09.1994 08:00;0,186
21.09.1994 09:00;0,351
21.09.1994 10:00;0,595
21.09.1994 11:00;0,86
21.09.1994 12:00;1,076
21.09.1994 13:00;1,137
21.09.1994 14:00;1,076
21.09.1994 15:00;0,905
21.09.1994 16:00;0,689
21.09.1994 17:00;0,409
21.09.1994 18:00;0,171
21.09.1994 19:00;0,067
21.09.1994 20:00;0,119
21.09.1994 21:00;0,247
21.09.1994 22:00;0,46
21.09.1994 23:00;0,735
22.09.1994 00:00;0,988
22.09.1994 01:00;1,082
22.09.1994 02:00;1,058
22.09.1994 03:00;0,976
22.09.1994 04:00;0,811
22.09.1994 05:00;0,582
22.09.1994 06:00;0,43
22.09.1994 07:00;0,317
22.09.1994 08:00;0,433
22.09.1994 09:00;0,61
22.09.1994 10:00;0,698
22.09.1994 11:00;0,912
22.09.1994 12:00;1,204
22.09.1994 13:00;1,399
22.09.1994 14:00;1,39
22.09.1994 15:00;1,344
22.09.1994 16:00;1,091
22.09.1994 17:00;0,823
22.09.1994 18:00;0,451
22.09.1994 19:00;0,244
22.09.1994 20:00;0,15
22.09.1994 21:00;0,22
22.09.1994 22:00;0,381
22.09.1994 23:00;0,607
23.09.1994 00:00;0,799
23.09.1994 01:00;0,954
23.09.1994 02:00;1,037
23.09.1994 03:00;0,936
23.09.1994 04:00;0,811
23.09.1994 05:00;0,598
23.09.1994 06:00;0,354
23.09.1994 07:00;0,195
23.09.1994 08:00;0,171
23.09.1994 09:00;0,271
23.09.1994 10:00;0,403
23.09.1994 11:00;0,656
23.09.1994 12:00;0,927
23.09.1994 13:00;1,177
23.09.1994 14:00;1,232
23.09.1994 15:00;1,198
23.09.1994 16:00;1,061
23.09.1994 17:00;0,866
23.09.1994 18:00;0,652
23.09.1994 19:00;0,409
23.09.1994 20:00;0,296
23.09.1994 21:00;0,299
23.09.1994 22:00;0,36
23.09.1994 23:00;0,515
24.09.1994 00:00;0,723
24.09.1994 01:00;0,927
24.09.1994 02:00;1,04
24.09.1994 03:00;1,018
24.09.1994 04:00;0,921
24.09.1994 05:00;0,75
24.09.1994 06:00;0,543
24.09.1994 07:00;0,354
24.09.1994 08:00;0,253
24.09.1994 09:00;0,247
24.09.1994 10:00;0,329
24.09.1994 11:00;0,497
24.09.1994 12:00;0,686
24.09.1994 13:00;0,939
24.09.1994 14:00;1,079
24.09.1994 15:00;1,134
24.09.1994 16:00;1,04
24.09.1994 17:00;0,881
24.09.1994 18:00;0,707
24.09.1994 19:00;0,47
24.09.1994 20:00;0,326
24.09.1994 21:00;0,214
24.09.1994 22:00;0,262
24.09.1994 23:00;0,351
25.09.1994 00:00;0,485
25.09.1994 01:00;0,683
25.09.1994 02:00;0,841
25.09.1994 03:00;0,881
25.09.1994 04:00;0,844
25.09.1994 05:00;0,744
25.09.1994 06:00;0,579
25.09.1994 07:00;0,412
25.09.1994 08:00;0,253
25.09.1994 09:00;0,156
25.09.1994 10:00;0,214
25.09.1994 11:00;0,357
25.09.1994 12:00;0,509
25.09.1994 13:00;0,701
25.09.1994 14:00;0,93
25.09.1994 15:00;1,043
25.09.1994 16:00;1,061
25.09.1994 17:00;0,979
25.09.1994 18:00;0,835
25.09.1994 19:00;0,634
25.09.1994 20:00;0,46
25.09.1994 21:00;0,326
25.09.1994 22:00;0,262
25.09.1994 23:00;0,311
26.09.1994 00:00;0,427
26.09.1994 01:00;0,576
26.09.1994 02:00;0,756
26.09.1994 03:00;0,908
26.09.1994 04:00;0,96
26.09.1994 05:00;0,899
26.09.1994 06:00;0,777
26.09.1994 07:00;0,652
26.09.1994 08:00;0,518
26.09.1994 09:00;0,326
26.09.1994 10:00;0,314
26.09.1994 11:00;0,363
26.09.1994 12:00;0,531
26.09.1994 13:00;0,695
26.09.1994 14:00;0,854
26.09.1994 15:00;1,058
26.09.1994 16:00;1,122
26.09.1994 17:00;1,085
26.09.1994 18:00;1,033
26.09.1994 19:00;0,848
26.09.1994 20:00;0,713
26.09.1994 21:00;0,5
26.09.1994 22:00;0,39
26.09.1994 23:00;0,387
27.09.1994 00:00;0,43
27.09.1994 01:00;0,506
27.09.1994 02:00;0,662
27.09.1994 03:00;0,817
27.09.1994 04:00;0,948
27.09.1994 05:00;0,936
27.09.1994 06:00;0,89
27.09.1994 07:00;0,777
27.09.1994 08:00;0,665
27.09.1994 09:00;0,482
27.09.1994 10:00;0,396
27.09.1994 11:00;0,36
27.09.1994 12:00;0,427
27.09.1994 13:00;0,537
27.09.1994 14:00;0,707
27.09.1994 15:00;0,896
27.09.1994 16:00;1,061
27.09.1994 17:00;1,091
27.09.1994 18:00;1,046
27.09.1994 19:00;0,951
27.09.1994 20:00;0,805
27.09.1994 21:00;0,637
27.09.1994 22:00;0,479
27.09.1994 23:00;0,384
28.09.1994 00:00;0,345
28.09.1994 01:00;0,409
28.09.1994 02:00;0,485
28.09.1994 03:00;0,64
28.09.1994 04:00;0,787
28.09.1994 05:00;0,854
28.09.1994 06:00;0,838
28.09.1994 07:00;0,805
28.09.1994 08:00;0,707
28.09.1994 09:00;0,561
28.09.1994 10:00;0,424
28.09.1994 11:00;0,32
28.09.1994 12:00;0,308
28.09.1994 13:00;0,363
28.09.1994 14:00;0,467
28.09.1994 15:00;0,677
28.09.1994 16:00;0,851
28.09.1994 17:00;1
28.09.1994 18:00;1,018
28.09.1994 19:00;0,982
28.09.1994 20:00;0,905
28.09.1994 21:00;0,771
28.09.1994 22:00;0,576
28.09.1994 23:00;0,412
29.09.1994 00:00;0,32
29.09.1994 01:00;0,32
29.09.1994 02:00;0,369
29.09.1994 03:00;0,497
29.09.1994 04:00;0,646
29.09.1994 05:00;0,777
29.09.1994 06:00;0,832
29.09.1994 07:00;0,875
29.09.1994 08:00;0,844
29.09.1994 09:00;0,713
29.09.1994 10:00;0,561
29.09.1994 11:00;0,418
29.09.1994 12:00;0,32
29.09.1994 13:00;0,275
29.09.1994 14:00;0,366
29.09.1994 15:00;0,518
29.09.1994 16:00;0,692
29.09.1994 17:00;0,86
29.09.1994 18:00;1,018
29.09.1994 19:00;1,079
29.09.1994 20:00;1,058
29.09.1994 21:00;0,969
29.09.1994 22:00;0,765
29.09.1994 23:00;0,591
30.09.1994 00:00;0,406
30.09.1994 01:00;0,284
30.09.1994 02:00;0,265
30.09.1994 03:00;0,317
30.09.1994 04:00;0,457
30.09.1994 05:00;0,637
30.09.1994 06:00;0,78
30.09.1994 07:00;0,866
30.09.1994 08:00;0,884
30.09.1994 09:00;0,841
30.09.1994 10:00;0,72
30.09.1994 11:00;0,54
30.09.1994 12:00;0,366
30.09.1994 13:00;0,232
30.09.1994 14:00;0,223
30.09.1994 15:00;0,293
30.09.1994 16:00;0,445
30.09.1994 17:00;0,622
30.09.1994 18:00;0,829
30.09.1994 19:00;0,966
30.09.1994 20:00;1,003
30.09.1994 21:00;0,96
30.09.1994 22:00;0,82
30.09.1994 23:00;0,646
1.10.1994 00:00;0,409
1.10.1994 01:00;0,189
1.10.1994 02:00;0,107
1.10.1994 03:00;0,125
1.10.1994 04:00;0,198
1.10.1994 05:00;0,36
1.10.1994 06:00;0,552
1.10.1994 07:00;0,756
1.10.1994 08:00;0,854
1.10.1994 09:00;0,838
1.10.1994 10:00;0,78
1.10.1994 11:00;0,61
1.10.1994 12:00;0,418
1.10.1994 13:00;0,195
1.10.1994 14:00;0,07
1.10.1994 15:00;0,043
1.10.1994 16:00;0,116
1.10.1994 17:00;0,278
1.10.1994 18:00;0,479
1.10.1994 19:00;0,683
1.10.1994 20:00;0,878
1.10.1994 21:00;0,924
1.10.1994 22:00;0,866
1.10.1994 23:00;0,713
2.10.1994 00:00;0,476
2.10.1994 01:00;0,192
2.10.1994 02:00;-0,027
2.10.1994 03:00;-0,122
2.10.1994 04:00;-0,091
2.10.1994 05:00;0,022
2.10.1994 06:00;0,247
2.10.1994 07:00;0,549
2.10.1994 08:00;0,741
2.10.1994 09:00;0,927
2.10.1994 10:00;0,951
2.10.1994 11:00;0,875
2.10.1994 12:00;0,72
2.10.1994 13:00;0,497
2.10.1994 14:00;0,259
2.10.1994 15:00;0,14
2.10.1994 16:00;0,174
2.10.1994 17:00;0,275
2.10.1994 18:00;0,524
2.10.1994 19:00;0,777
2.10.1994 20:00;1,046
2.10.1994 21:00;1,238
2.10.1994 22:00;1,244
2.10.1994 23:00;1,18
3.10.1994 00:00;1,027
3.10.1994 01:00;0,75
3.10.1994 02:00;0,451
3.10.1994 03:00;0,223
3.10.1994 04:00;0,143
3.10.1994 05:00;0,189
3.10.1994 06:00;0,375
3.10.1994 07:00;0,716
3.10.1994 08:00;0,991
3.10.1994 09:00;1,247
3.10.1994 10:00;1,372
3.10.1994 11:00;1,338
3.10.1994 12:00;1,222
3.10.1994 13:00;1,015
3.10.1994 14:00;0,738
3.10.1994 15:00;0,463
3.10.1994 16:00;0,357
3.10.1994 17:00;0,366
3.10.1994 18:00;0,415
3.10.1994 19:00;0,643
3.10.1994 20:00;0,918
3.10.1994 21:00;1,235
3.10.1994 22:00;1,43
3.10.1994 23:00;1,424
4.10.1994 00:00;1,296
4.10.1994 01:00;1,067
4.10.1994 02:00;0,753
4.10.1994 03:00;0,442
4.10.1994 04:00;0,186
4.10.1994 05:00;0,174
4.10.1994 06:00;0,183
4.10.1994 07:00;0,393
4.10.1994 08:00;0,732
4.10.1994 09:00;1,055
4.10.1994 10:00;1,317
4.10.1994 11:00;1,39
4.10.1994 12:00;1,296
4.10.1994 13:00;1,107
4.10.1994 14:00;0,841
4.10.1994 15:00;0,454
4.10.1994 16:00;0,171
4.10.1994 17:00;0,04
4.10.1994 18:00;0,061
4.10.1994 19:00;0,217
4.10.1994 20:00;0,497
4.10.1994 21:00;0,835
4.10.1994 22:00;1,14
4.10.1994 23:00;1,286
5.10.1994 00:00;1,253
5.10.1994 01:00;1,094
5.10.1994 02:00;0,857
5.10.1994 03:00;0,546
5.10.1994 04:00;0,18
5.10.1994 05:00;-0,003
5.10.1994 06:00;-0,015
5.10.1994 07:00;0,134
5.10.1994 08:00;0,345
5.10.1994 09:00;0,695
5.10.1994 10:00;1,085
5.10.1994 11:00;1,326
5.10.1994 12:00;1,363
5.10.1994 13:00;1,262
5.10.1994 14:00;1,04
5.10.1994 15:00;0,735
5.10.1994 16:00;0,36
5.10.1994 17:00;0,055
5.10.1994 18:00;-0,042
5.10.1994 19:00;0,046
5.10.1994 20:00;0,204
5.10.1994 21:00;0,488
5.10.1994 22:00;0,869
5.10.1994 23:00;1,161
6.10.1994 00:00;1,293
6.10.1994 01:00;1,207
6.10.1994 02:00;1,04
6.10.1994 03:00;0,759
6.10.1994 04:00;0,415
6.10.1994 05:00;0,104
6.10.1994 06:00;-0,055
6.10.1994 07:00;-0,03
6.10.1994 08:00;0,125
6.10.1994 09:00;0,406
6.10.1994 10:00;0,829
6.10.1994 11:00;1,21
6.10.1994 12:00;1,414
6.10.1994 13:00;1,414
6.10.1994 14:00;1,277
6.10.1994 15:00;1,052
6.10.1994 16:00;0,674
6.10.1994 17:00;0,284
6.10.1994 18:00;-0,006
6.10.1994 19:00;-0,094
6.10.1994 20:00;-0,009
6.10.1994 21:00;0,15
6.10.1994 22:00;0,488
6.10.1994 23:00;0,854
7.10.1994 00:00;1,091
7.10.1994 01:00;1,165
7.10.1994 02:00;1,088
7.10.1994 03:00;0,896
7.10.1994 04:00;0,604
7.10.1994 05:00;0,235
7.10.1994 06:00;-0,021
7.10.1994 07:00;-0,152
7.10.1994 08:00;-0,097
7.10.1994 09:00;0,086
7.10.1994 10:00;0,399
7.10.1994 11:00;0,802
7.10.1994 12:00;1,149
7.10.1994 13:00;1,335
7.10.1994 14:00;1,335
7.10.1994 15:00;1,198
7.10.1994 16:00;0,927
7.10.1994 17:00;0,558
7.10.1994 18:00;0,171
7.10.1994 19:00;-0,082
7.10.1994 20:00;-0,128
7.10.1994 21:00;-0,076
7.10.1994 22:00;0,131
7.10.1994 23:00;0,436
8.10.1994 00:00;0,799
8.10.1994 01:00;1,027
8.10.1994 02:00;1,033
8.10.1994 03:00;0,982
8.10.1994 04:00;0,802
8.10.1994 05:00;0,515
8.10.1994 06:00;0,162
8.10.1994 07:00;-0,049
8.10.1994 08:00;-0,125
8.10.1994 09:00;-0,076
8.10.1994 10:00;0,14
8.10.1994 11:00;0,451
8.10.1994 12:00;0,817
8.10.1994 13:00;1,161
8.10.1994 14:00;1,302
8.10.1994 15:00;1,277
8.10.1994 16:00;1,131
8.10.1994 17:00;0,869
8.10.1994 18:00;0,503
8.10.1994 19:00;0,131
8.10.1994 20:00;-0,061
8.10.1994 21:00;-0,11
8.10.1994 22:00;-0,042
8.10.1994 23:00;0,186
9.10.1994 00:00;0,424
9.10.1994 01:00;0,732
9.10.1994 02:00;0,942
9.10.1994 03:00;0,969
9.10.1994 04:00;0,878
9.10.1994 05:00;0,72
9.10.1994 06:00;0,482
9.10.1994 07:00;0,159
9.10.1994 08:00;-0,036
9.10.1994 09:00;-0,079
9.10.1994 10:00;-0,033
9.10.1994 11:00;0,134
9.10.1994 12:00;0,467
9.10.1994 13:00;0,848
9.10.1994 14:00;1,128
9.10.1994 15:00;1,229
9.10.1994 16:00;1,204
9.10.1994 17:00;1,073
9.10.1994 18:00;0,844
9.10.1994 19:00;0,503
9.10.1994 20:00;0,192
9.10.1994 21:00;0,003
9.10.1994 22:00;-0,024
9.10.1994 23:00;0,037
10.10.1994 00:00;0,168
10.10.1994 01:00;0,473
10.10.1994 02:00;0,744
10.10.1994 03:00;0,902
10.10.1994 04:00;0,939
10.10.1994 05:00;0,881
10.10.1994 06:00;0,75
10.10.1994 07:00;0,482
10.10.1994 08:00;0,375
10.10.1994 09:00;0,177
10.10.1994 10:00;0,037
10.10.1994 11:00;0,14
10.10.1994 12:00;0,436
10.10.1994 13:00;0,741
10.10.1994 14:00;1,015
10.10.1994 15:00;1,241
10.10.1994 16:00;1,363
10.10.1994 17:00;1,296
10.10.1994 18:00;1,165
10.10.1994 19:00;0,979
10.10.1994 20:00;0,707
10.10.1994 21:00;0,451
10.10.1994 22:00;0,265
10.10.1994 23:00;0,253
11.10.1994 00:00;0,271
11.10.1994 01:00;0,415
11.10.1994 02:00;0,677
11.10.1994 03:00;0,933
11.10.1994 04:00;1,049
11.10.1994 05:00;1,119
11.10.1994 06:00;1,088
11.10.1994 07:00;0,954
11.10.1994 08:00;0,75
11.10.1994 09:00;0,54
11.10.1994 10:00;0,396
11.10.1994 11:00;0,342
11.10.1994 12:00;0,384
11.10.1994 13:00;0,467
11.10.1994 14:00;0,741
11.10.1994 15:00;1,03
11.10.1994 16:00;1,21
11.10.1994 17:00;1,308
11.10.1994 18:00;1,274
11.10.1994 19:00;1,201
11.10.1994 20:00;0,991
11.10.1994 21:00;0,759
11.10.1994 22:00;0,497
11.10.1994 23:00;0,357
12.10.1994 00:00;0,287
12.10.1994 01:00;0,32
12.10.1994 02:00;0,46
12.10.1994 03:00;0,716
12.10.1994 04:00;0,915
12.10.1994 05:00;1,052
12.10.1994 06:00;1,097
12.10.1994 07:00;1,058
12.10.1994 08:00;0,936
12.10.1994 09:00;0,738
12.10.1994 10:00;0,543
12.10.1994 11:00;0,399
12.10.1994 12:00;0,335
12.10.1994 13:00;0,366
12.10.1994 14:00;0,479
12.10.1994 15:00;0,713
12.10.1994 16:00;0,969
12.10.1994 17:00;1,158
12.10.1994 18:00;1,225
12.10.1994 19:00;1,213
12.10.1994 20:00;1,207
12.10.1994 21:00;0,997
12.10.1994 22:00;0,729
12.10.1994 23:00;0,531
13.10.1994 00:00;0,342
13.10.1994 01:00;0,293
13.10.1994 02:00;0,345
13.10.1994 03:00;0,494
13.10.1994 04:00;0,704
13.10.1994 05:00;0,936
13.10.1994 06:00;1,061
13.10.1994 07:00;1,125
13.10.1994 08:00;1,101
13.10.1994 09:00;1,033
13.10.1994 10:00;0,817
13.10.1994 11:00;0,601
13.10.1994 12:00;0,427
13.10.1994 13:00;0,323
13.10.1994 14:00;0,305
13.10.1994 15:00;0,427
13.10.1994 16:00;0,616
13.10.1994 17:00;0,848
13.10.1994 18:00;1,033
13.10.1994 19:00;1,152
13.10.1994 20:00;1,168
13.10.1994 21:00;1,094
13.10.1994 22:00;0,933
13.10.1994 23:00;0,698
14.10.1994 00:00;0,442
14.10.1994 01:00;0,268
14.10.1994 02:00;0,235
14.10.1994 03:00;0,281
14.10.1994 04:00;0,421
14.10.1994 05:00;0,656
14.10.1994 06:00;0,881
14.10.1994 07:00;1,015
14.10.1994 08:00;1,088
14.10.1994 09:00;1,104
14.10.1994 10:00;0,966
14.10.1994 11:00;0,784
14.10.1994 12:00;0,588
14.10.1994 13:00;0,339
14.10.1994 14:00;0,268
14.10.1994 15:00;0,314
14.10.1994 16:00;0,418
14.10.1994 17:00;0,631
14.10.1994 18:00;0,908
14.10.1994 19:00;1,134
14.10.1994 20:00;1,28
14.10.1994 21:00;1,341
14.10.1994 22:00;1,247
14.10.1994 23:00;1,128
15.10.1994 00:00;0,887
15.10.1994 01:00;0,665
15.10.1994 02:00;0,54
15.10.1994 03:00;0,393
15.10.1994 04:00;0,467
15.10.1994 05:00;0,607
15.10.1994 06:00;0,78
15.10.1994 07:00;1,046
15.10.1994 08:00;1,238
15.10.1994 09:00;1,28
15.10.1994 10:00;1,289
15.10.1994 11:00;1,177
15.10.1994 12:00;0,951
15.10.1994 13:00;0,762
15.10.1994 14:00;0,595
15.10.1994 15:00;0,494
15.10.1994 16:00;0,515
15.10.1994 17:00;0,637
15.10.1994 18:00;0,814
15.10.1994 19:00;1,079
15.10.1994 20:00;1,289
15.10.1994 21:00;1,396
15.10.1994 22:00;1,399
15.10.1994 23:00;1,302
16.10.1994 00:00;1,07
16.10.1994 01:00;0,829
16.10.1994 02:00;0,622
16.10.1994 03:00;0,488
16.10.1994 04:00;0,479
16.10.1994 05:00;0,555
16.10.1994 06:00;0,634
16.10.1994 07:00;0,838
16.10.1994 08:00;1,134
16.10.1994 09:00;1,271
16.10.1994 10:00;1,302
16.10.1994 11:00;1,21
16.10.1994 12:00;1,101
16.10.1994 13:00;0,793
16.10.1994 14:00;0,546
16.10.1994 15:00;0,329
16.10.1994 16:00;0,214
16.10.1994 17:00;0,21
16.10.1994 18:00;0,323
16.10.1994 19:00;0,521
16.10.1994 20:00;0,811
16.10.1994 21:00;1,006
16.10.1994 22:00;1,091
16.10.1994 23:00;1,082
17.10.1994 00:00;0,945
17.10.1994 01:00;0,732
17.10.1994 02:00;0,485
17.10.1994 03:00;0,244
17.10.1994 04:00;0,104
17.10.1994 05:00;0,125
17.10.1994 06:00;0,247
17.10.1994 07:00;0,448
17.10.1994 08:00;0,723
17.10.1994 09:00;0,945
17.10.1994 10:00;1,119
17.10.1994 11:00;1,134
17.10.1994 12:00;1,024
17.10.1994 13:00;0,826
17.10.1994 14:00;0,567
17.10.1994 15:00;0,317
17.10.1994 16:00;0,107
17.10.1994 17:00;0,122
17.10.1994 18:00;0,171
17.10.1994 19:00;0,335
17.10.1994 20:00;0,604
17.10.1994 21:00;0,844
17.10.1994 22:00;1,021
17.10.1994 23:00;1,094
18.10.1994 00:00;1,021
18.10.1994 01:00;0,896
18.10.1994 02:00;0,659
18.10.1994 03:00;0,433
18.10.1994 04:00;0,232
18.10.1994 05:00;0,119
18.10.1994 06:00;0,201
18.10.1994 07:00;0,36
18.10.1994 08:00;0,598
18.10.1994 09:00;0,854
18.10.1994 10:00;1,073
18.10.1994 11:00;1,183
18.10.1994 12:00;1,149
18.10.1994 13:00;1,012
18.10.1994 14:00;0,802
18.10.1994 15:00;0,521
18.10.1994 16:00;0,293
18.10.1994 17:00;0,156
18.10.1994 18:00;0,143
18.10.1994 19:00;0,238
18.10.1994 20:00;0,43
18.10.1994 21:00;0,68
18.10.1994 22:00;0,915
18.10.1994 23:00;1,061
19.10.1994 00:00;1,046
19.10.1994 01:00;0,957
19.10.1994 02:00;0,774
19.10.1994 03:00;0,515
19.10.1994 04:00;0,287
19.10.1994 05:00;0,076
19.10.1994 06:00;0,079
19.10.1994 07:00;0,223
19.10.1994 08:00;0,421
19.10.1994 09:00;0,643
19.10.1994 10:00;0,921
19.10.1994 11:00;1,119
19.10.1994 12:00;1,177
19.10.1994 13:00;1,064
19.10.1994 14:00;0,927
19.10.1994 15:00;0,668
19.10.1994 16:00;0,39
19.10.1994 17:00;0,162
19.10.1994 18:00;0,015
19.10.1994 19:00;0,089
19.10.1994 20:00;0,232
19.10.1994 21:00;0,436
19.10.1994 22:00;0,689
19.10.1994 23:00;0,915
20.10.1994 00:00;1,012
20.10.1994 01:00;0,908
20.10.1994 02:00;0,823
20.10.1994 03:00;0,595
20.10.1994 04:00;0,387
20.10.1994 05:00;0,186
20.10.1994 06:00;0,076
20.10.1994 07:00;0,159
20.10.1994 08:00;0,335
20.10.1994 09:00;0,524
20.10.1994 10:00;0,759
20.10.1994 11:00;1,03
20.10.1994 12:00;1,204
20.10.1994 13:00;1,131
20.10.1994 14:00;1,03
20.10.1994 15:00;0,857
20.10.1994 16:00;0,598
20.10.1994 17:00;0,342
20.10.1994 18:00;0,125
20.10.1994 19:00;0,146
20.10.1994 20:00;0,287
20.10.1994 21:00;0,415
20.10.1994 22:00;0,634
20.10.1994 23:00;0,851
21.10.1994 00:00;1,037
21.10.1994 01:00;1,055
21.10.1994 02:00;1,03
21.10.1994 03:00;0,774
21.10.1994 04:00;0,591
21.10.1994 05:00;0,424
21.10.1994 06:00;0,259
21.10.1994 07:00;0,128
21.10.1994 08:00;0,278
21.10.1994 09:00;0,457
21.10.1994 10:00;0,677
21.10.1994 11:00;0,924
21.10.1994 12:00;1,219
21.10.1994 13:00;1,286
21.10.1994 14:00;1,177
21.10.1994 15:00;1,079
21.10.1994 16:00;0,887
21.10.1994 17:00;0,613
21.10.1994 18:00;0,415
21.10.1994 19:00;0,317
21.10.1994 20:00;0,305
21.10.1994 21:00;0,409
21.10.1994 22:00;0,573
21.10.1994 23:00;0,805
22.10.1994 00:00;0,994
22.10.1994 01:00;1,104
22.10.1994 02:00;1,049
22.10.1994 03:00;0,948
22.10.1994 04:00;0,774
22.10.1994 05:00;0,576
22.10.1994 06:00;0,369
22.10.1994 07:00;0,265
22.10.1994 08:00;0,281
22.10.1994 09:00;0,406
22.10.1994 10:00;0,576
22.10.1994 11:00;0,832
22.10.1994 12:00;1,079
22.10.1994 13:00;1,222
22.10.1994 14:00;1,213
22.10.1994 15:00;1,122
22.10.1994 16:00;0,985
22.10.1994 17:00;0,759
22.10.1994 18:00;0,482
22.10.1994 19:00;0,302
22.10.1994 20:00;0,238
22.10.1994 21:00;0,287
22.10.1994 22:00;0,369
22.10.1994 23:00;0,558
23.10.1994 00:00;0,75
23.10.1994 01:00;0,921
23.10.1994 02:00;0,948
23.10.1994 03:00;0,887
23.10.1994 04:00;0,799
23.10.1994 05:00;0,61
23.10.1994 06:00;0,424
23.10.1994 07:00;0,275
23.10.1994 08:00;0,241
23.10.1994 09:00;0,323
23.10.1994 10:00;0,448
23.10.1994 11:00;0,634
23.10.1994 12:00;0,866
23.10.1994 13:00;1,097
23.10.1994 14:00;1,201
23.10.1994 15:00;1,125
23.10.1994 16:00;1,021
23.10.1994 17:00;0,844
23.10.1994 18:00;0,576
23.10.1994 19:00;0,406
23.10.1994 20:00;0,275
23.10.1994 21:00;0,238
23.10.1994 22:00;0,329
23.10.1994 23:00;0,439
24.10.1994 00:00;0,61
24.10.1994 01:00;0,78
24.10.1994 02:00;0,921
24.10.1994 03:00;0,912
24.10.1994 04:00;0,838
24.10.1994 05:00;0,692
24.10.1994 06:00;0,537
24.10.1994 07:00;0,339
24.10.1994 08:00;0,253
24.10.1994 09:00;0,278
24.10.1994 10:00;0,354
24.10.1994 11:00;0,506
24.10.1994 12:00;0,686
24.10.1994 13:00;0,942
24.10.1994 14:00;1,113
24.10.1994 15:00;1,119
24.10.1994 16:00;1,061
24.10.1994 17:00;0,939
24.10.1994 18:00;0,726
24.10.1994 19:00;0,509
24.10.1994 20:00;0,363
24.10.1994 21:00;0,299
24.10.1994 22:00;0,314
24.10.1994 23:00;0,366
25.10.1994 00:00;0,479
25.10.1994 01:00;0,652
25.10.1994 02:00;0,838
25.10.1994 03:00;0,915
25.10.1994 04:00;0,893
25.10.1994 05:00;0,793
25.10.1994 06:00;0,649
25.10.1994 07:00;0,482
25.10.1994 08:00;0,342
25.10.1994 09:00;0,238
25.10.1994 10:00;0,275
25.10.1994 11:00;0,36
25.10.1994 12:00;0,509
25.10.1994 13:00;0,683
25.10.1994 14:00;0,89
25.10.1994 15:00;1,015
25.10.1994 16:00;1
25.10.1994 17:00;0,924
25.10.1994 18:00;0,777
25.10.1994 19:00;0,628
25.10.1994 20:00;0,415
25.10.1994 21:00;0,268
25.10.1994 22:00;0,21
25.10.1994 23:00;0,265
26.10.1994 00:00;0,348
26.10.1994 01:00;0,497
26.10.1994 02:00;0,674
26.10.1994 03:00;0,851
26.10.1994 04:00;0,921
26.10.1994 05:00;0,887
26.10.1994 06:00;0,799
26.10.1994 07:00;0,689
26.10.1994 08:00;0,567
26.10.1994 09:00;0,421
26.10.1994 10:00;0,387
26.10.1994 11:00;0,436
26.10.1994 12:00;0,527
26.10.1994 13:00;0,683
26.10.1994 14:00;0,899
26.10.1994 15:00;1,037
26.10.1994 16:00;1,177
26.10.1994 17:00;1,171
26.10.1994 18:00;1,058
26.10.1994 19:00;0,979
26.10.1994 20:00;0,799
26.10.1994 21:00;0,591
26.10.1994 22:00;0,512
26.10.1994 23:00;0,457
27.10.1994 00:00;0,479
27.10.1994 01:00;0,558
27.10.1994 02:00;0,732
27.10.1994 03:00;0,893
27.10.1994 04:00;1,006
27.10.1994 05:00;1,021
27.10.1994 06:00;0,972
27.10.1994 07:00;0,866
27.10.1994 08:00;0,707
27.10.1994 09:00;0,558
27.10.1994 10:00;0,442
27.10.1994 11:00;0,399
27.10.1994 12:00;0,415
27.10.1994 13:00;0,503
27.10.1994 14:00;0,701
27.10.1994 15:00;0,838
27.10.1994 16:00;0,976
27.10.1994 17:00;1,07
27.10.1994 18:00;1,021
27.10.1994 19:00;0,96
27.10.1994 20:00;0,811
27.10.1994 21:00;0,652
27.10.1994 22:00;0,485
27.10.1994 23:00;0,351
28.10.1994 00:00;0,314
28.10.1994 01:00;0,348
28.10.1994 02:00;0,448
28.10.1994 03:00;0,631
28.10.1994 04:00;0,777
28.10.1994 05:00;0,902
28.10.1994 06:00;0,933
28.10.1994 07:00;0,881
28.10.1994 08:00;0,799
28.10.1994 09:00;0,677
28.10.1994 10:00;0,506
28.10.1994 11:00;0,36
28.10.1994 12:00;0,305
28.10.1994 13:00;0,332
28.10.1994 14:00;0,433
28.10.1994 15:00;0,549
28.10.1994 16:00;0,723
28.10.1994 17:00;0,884
28.10.1994 18:00;0,924
28.10.1994 19:00;0,921
28.10.1994 20:00;0,841
28.10.1994 21:00;0,695
28.10.1994 22:00;0,515
28.10.1994 23:00;0,302
29.10.1994 00:00;0,195
29.10.1994 01:00;0,18
29.10.1994 02:00;0,22
29.10.1994 03:00;0,351
29.10.1994 04:00;0,512
29.10.1994 05:00;0,704
29.10.1994 06:00;0,814
29.10.1994 07:00;0,893
29.10.1994 08:00;0,857
29.10.1994 09:00;0,735
29.10.1994 10:00;0,549
29.10.1994 11:00;0,36
29.10.1994 12:00;0,207
29.10.1994 13:00;0,137
29.10.1994 14:00;0,168
29.10.1994 15:00;0,259
29.10.1994 16:00;0,409
29.10.1994 17:00;0,607
29.10.1994 18:00;0,759
29.10.1994 19:00;0,838
29.10.1994 20:00;0,82
29.10.1994 21:00;0,716
29.10.1994 22:00;0,57
29.10.1994 23:00;0,36
30.10.1994 00:00;0,128
30.10.1994 01:00;-0,018
30.10.1994 02:00;-0,018
30.10.1994 03:00;0,064
30.10.1994 04:00;0,195
30.10.1994 05:00;0,387
30.10.1994 06:00;0,634
30.10.1994 07:00;0,765
30.10.1994 08:00;0,823
30.10.1994 09:00;0,817
30.10.1994 10:00;0,698
30.10.1994 11:00;0,479
30.10.1994 12:00;0,265
30.10.1994 13:00;0,076
30.10.1994 14:00;0
30.10.1994 15:00;0,022
30.10.1994 16:00;0,15
30.10.1994 17:00;0,332
30.10.1994 18:00;0,54
30.10.1994 19:00;0,72
30.10.1994 20:00;0,841
30.10.1994 21:00;0,835
30.10.1994 22:00;0,747
30.10.1994 23:00;0,558
31.10.1994 00:00;0,299
31.10.1994 01:00;0,079
31.10.1994 02:00;-0,067
31.10.1994 03:00;-0,076
31.10.1994 04:00;0,043
31.10.1994 05:00;0,259
31.10.1994 06:00;0,518
31.10.1994 07:00;0,744
31.10.1994 08:00;0,966
31.10.1994 09:00;1,043
31.10.1994 10:00;1
31.10.1994 11:00;0,841
31.10.1994 12:00;0,649
31.10.1994 13:00;0,366
31.10.1994 14:00;0,137
31.10.1994 15:00;0,073
31.10.1994 16:00;0,07
31.10.1994 17:00;0,229
31.10.1994 18:00;0,421
31.10.1994 19:00;0,698
31.10.1994 20:00;0,927
31.10.1994 21:00;1,021
31.10.1994 22:00;0,963
31.10.1994 23:00;0,872
1.11.1994 00:00;0,637
1.11.1994 01:00;0,363
1.11.1994 02:00;0,104
1.11.1994 03:00;-0,003
1.11.1994 04:00;0
1.11.1994 05:00;0,146
1.11.1994 06:00;0,393
1.11.1994 07:00;0,707
1.11.1994 08:00;1,018
1.11.1994 09:00;1,25
1.11.1994 10:00;1,305
1.11.1994 11:00;1,235
1.11.1994 12:00;1,006
1.11.1994 13:00;0,68
1.11.1994 14:00;0,454
1.11.1994 15:00;0,162
1.11.1994 16:00;0,022
1.11.1994 17:00;0,092
1.11.1994 18:00;0,232
1.11.1994 19:00;0,473
1.11.1994 20:00;0,774
1.11.1994 21:00;1,009
1.11.1994 22:00;1,091
1.11.1994 23:00;1,033
2.11.1994 00:00;0,838
2.11.1994 01:00;0,403
2.11.1994 02:00;0,153
2.11.1994 03:00;-0,171
2.11.1994 04:00;-0,219
2.11.1994 05:00;-0,177
2.11.1994 06:00;-0,033
2.11.1994 07:00;0,232
2.11.1994 08:00;0,582
2.11.1994 09:00;0,915
2.11.1994 10:00;1,11
2.11.1994 11:00;1,128
2.11.1994 12:00;0,991
2.11.1994 13:00;0,756
2.11.1994 14:00;0,424
2.11.1994 15:00;0,079
2.11.1994 16:00;-0,189
2.11.1994 17:00;-0,28
2.11.1994 18:00;-0,213
2.11.1994 19:00;-0,058
2.11.1994 20:00;0,244
2.11.1994 21:00;0,585
2.11.1994 22:00;0,805
2.11.1994 23:00;0,869
3.11.1994 00:00;0,802
3.11.1994 01:00;0,585
3.11.1994 02:00;0,275
3.11.1994 03:00;-0,039
3.11.1994 04:00;-0,32
3.11.1994 05:00;-0,46
3.11.1994 06:00;-0,427
3.11.1994 07:00;-0,259
3.11.1994 08:00;0,122
3.11.1994 09:00;0,5
3.11.1994 10:00;0,866
3.11.1994 11:00;1,058
3.11.1994 12:00;1,064
3.11.1994 13:00;0,915
3.11.1994 14:00;0,631
3.11.1994 15:00;0,259
3.11.1994 16:00;-0,11
3.11.1994 17:00;-0,405
3.11.1994 18:00;-0,512
3.11.1994 19:00;-0,402
3.11.1994 20:00;-0,195
3.11.1994 21:00;0,092
3.11.1994 22:00;0,436
3.11.1994 23:00;0,68
4.11.1994 00:00;0,738
4.11.1994 01:00;0,698
4.11.1994 02:00;0,476
4.11.1994 03:00;0,146
4.11.1994 04:00;-0,213
4.11.1994 05:00;-0,46
4.11.1994 06:00;-0,542
4.11.1994 07:00;-0,436
4.11.1994 08:00;-0,213
4.11.1994 09:00;0,174
4.11.1994 10:00;0,591
4.11.1994 11:00;0,988
4.11.1994 12:00;1,143
4.11.1994 13:00;1,152
4.11.1994 14:00;0,982
4.11.1994 15:00;0,698
4.11.1994 16:00;0,29
4.11.1994 17:00;-0,039
4.11.1994 18:00;-0,274
4.11.1994 19:00;-0,332
4.11.1994 20:00;-0,231
4.11.1994 21:00;0
4.11.1994 22:00;0,287
4.11.1994 23:00;0,634
